,text
0,tidak satupun menyesal menolak vaksin sebalik menyesal divaksin
1,vaksin sinovac mengalami pitak rontok hebat menerus
2,indonesia sebentar terdampak wabah cacar api monkeypox baca efek samping vaksin
3,tenaga kesehatan nakes rampung menerima vaksin
4,habis vaksin lengan sakit kasi beban
5,alhamdulillah sertifikat vaksin indonesia diakui negara asean indonesia maju
6,vaksin dianterin tegar vaksin dianterin nabila vaksin tegar muter mulu
7,pusat veteriner farma pusvetma surabaya memproduksi vaksin mencegah penularan penyakit mulut
8,habis vaksin moderna tangan kek pengen jotosi biar kemeng
9,untung vaksin kebal
10,vaksin berplatform rna vaksin kuala lumpur kandunga sedikitpun tidak isi adl
11,menunggu distribusi vaksin kementerian pertanian kementan vaksin kabupaten kota
12,ikmanda vaksin jenis kah rokok habis lihat
13,minggu jadwal vaksin lupa
14,pengguna vaksin sinovac dibooster pfizer astra zeneca gembira studi bawa khabar efektiv
15,gatau pokok tmnku dikasi emg tanggal vaksin troub gt gatau gimana
16,ayo jakehoon kuwat vaksin mleyot
17,membangun industri negeri komitmen penuh membangun negeri produksi vaksin negeri obat
18,umur nonton vaksin
19,pemerintah mempercepat vaksinasi calon jemaah vaksin lengkap
20,cepat lelah lepas ambil vaksin hm kasihan tengok
21,pgn vaksin dibolehin karna riwayat penyakit sertifikat bingung bangat gmn mahu dicek
22,wta info kakak gasi mahu nonton vaksin mahu bangat nonton
23,mentan syl pastikan cepat meneliti menghasilkan vaksin pmk
24,vaksin isi efektivitas rendah hrs vaksin efektivitas yi
25,royani gua menyesal vaksin pilihan
26,penerima vaksin mei
27,perhatikan pangeran charles ngomong vaksin
28,ketahui protin vaksin melampaui antibodi bawaan alami siste
29,bodoh temen rl nemu akun ayo maju lu vaksin
30,vaksin mrna meratakan respon imun minggu vaksinasi rentan patogen
31,vaksin cacar efektif monkeypox bahaya bersembunyi gunung miliaran
32,vaksin cacar memiliki potensi memperkenalkan cacar tubuh membuka pintu epidemi nyata
33,makan panadol lepas vaksin bukan ramai makan panadol sakit kepala
34,tangan pegel bangat kek habis vaksin aje
35,sunkised haha kmrn marah takut ketahuan ok vaksin sebe
36,vaksin sars cov naaaah
37,vaksin nyusahin
38,almukaram vaksin pcr
39,koq vaksin ijin terbit beredar juta jalur lolos
40,rakyat korban kipi karna vaksin
41,kesepakatan indonesia memperdalam kerja vaksin perawatan kesehatan
42,setahun televisi rusia menerbitkan berita bahawa vaksin astra zeneca
43,gubernur jatim dukung kementan percepatan produksi vaksin pmk
44,wao vaksin cupid pegel demam ngantug vaksin gua bodoh
45,habis vaksin
46,vaksin kebutuhan sakit bangat mahu nangis
47,wabah cacar monyet sistem imun rusak akibat vaksin solusi vaksin
48,kuala lumpur kuat ngga jawaba maju vaksin
49,salah patut dibanggakan kasih vaksin penduduk indonesia juta
50,sesi dialog kesiapsiagaan dunia membangunkan vaksin sekira berlaku pandemik baharu mesti adil saksama
51,nama jaemin gua takut gua vaksin
52,begadang tensi tidak vaksin
53,maju jaem gatakut allah vaksin gadeng boong gakuat bgd
54,partai panas digaji berdasarkan kinerja vaksin
55,siang vaksin lepas pulang jatuh motosikal kucing dijalan rem dadakan
56,vaksin cmn ngadi lu ji
57,dana disuport bil gates arus utama dikondisikan bil gates untung vaksin
58,kemenkes vaksin berlaku wakanda
59,lili vaksin steril disponsori anak aktif suka suara lucu jaksel
60,bpk temukan juta vaksin beredar izin suntik vaksin
61,pemerintah mempercepat vaksinasi calon jemaah vaksin lengkap ok
62,sertifikat vaksin
63,gebyar vaksinasi berhadiah rangka kab tegal vaksinasi pelayanan
64,esok atuh cobain vaksin
65,vaksin moderna kabarin jn jerman
66,kek tinggal nunjukin vaksin beres
67,habis tangan berasa sakit vaksin berasa skait
68,ringkih bangat habis vaksin kumat alergi ampun
69,jembrana kian merajalela stok vaksin bikin ketar ketir merebak gigita
70,divaksin ganjar menginspirasi kepala daerah indonesia belu
71,tanggung payah boyz gua gbs tidur esok vaksin
72,tangan sakit lepas vaksin lepas
73,sesi dialog kesiapsiagaan dunia membangunkan vaksin sekira berlaku pandemik baharu mesti adil
74,esok vaksin tidur
75,khawatir dg dokter risiko vaksin mempromosika
76,serasa vaksin wakawaka
77,fre cemong bantu retweet bekasi jakarta betina literbox vaksin
78,waah najen ok habis vaksin banyaakin istirahaat minum putih biar gabegitu sakit
79,cah vaksin gae sinovac pengen enek astra risau ngunuwi
80,telat bangat buka vaksin
81,najen tangan najen sakit vaksin nuy kangen bangat bangat hua
82,dikabarin rs vaksin bcg anak daftar zidan karna mepet mahu bln
83,najen hihi tangan najen sakit vaksin anw dipa begadang sayang
84,vaksin bcg emg kcil vaksin bcg gede rokok kena tbc
85,selamat malam penumpang wajib vaksin dibuktikan menunjukan aplikasi pergi
86,vaksin darah
87,barangkali ubah sertifikat vaksin tgl lahir salah gimana
88,khabar meninggal achmad yurianto kaum vaksin plandemi astaghfirullah
89,overal tangan najen sakit vaksin anw sayang begadang
90,esok vaksin
91,najen sayang sakit vaksin anw sayang begadang
92,takut vaksin ji
93,gua alergi dingin subuh meler bersin menggigil habis vaksin rokok ngerasai
94,bpom perluas usia pengguna vaksin pcv pfizer indonesia bisnis gaya hidup kesehatan
95,tangan najen sakit vaksin anw sayang begadang
96,info vaksin memberantas kangen bukin
97,baju vaksin biar gampang
98,ayo vaksin lupa vaksin patuhi protokol kesehatan cegah
99,vaksin efektif cegah cacar monyet celebrities info celeb terkini
100,kakanwil yuspahrudin kemenkumham jateng tuntaskan vaksinasi rutan purworejo gelar penyuntikan vaksin
101,kemarin buka bintang mahu ngajak vaksin
102,totoan sertifikat vaksin
103,ok vaksin
104,vaksin
105,testimoni lihat scr tragedi vaksin minsung lupa lix kelas vaksi
106,bram dewasa vaksin birahi menjaga sepenuh hati fwb ganteng relatif
107,vaksin loyo nda
108,mentimoen inti deket cus vaksin benjol ok benjol
109,mahu termakan tidak bertanggung vaksin nyatakan aman
110,dapatkan suntikan vaksinasi kanak kanak pickids berumur kadar
111,sakiti vaksin
112,debat ikhtiar vaksin mendorong tambahan
113,au capek posesip deng kuat vaksin
114,mentan syahrul yasin limpo menginstruksikan pusat veteriner farma pusvetma vaksin pmk vaksin dikerja
115,pkh vaksin diproduksi
116,lucu banget vaksin pakai razia wakawaka
117,efek lumayan vaksin amp menggigil
118,sertifikat vaksin kakbeb
119,dijamin pcr vaksin kampret monyet babik langsung teratasi luhut komprador
120,sweden tawar vaksin
121,manfaatkan jeda aktivitas warga personil koramil nunukan selatan gencar laksanakan serbuan vaksin wila
122,calon jemaah haji embarkasi medan vaksin lengkap persen
123,sekar zagabim herlamb gabutuh vaksin
124,info vaksin mahu bayangkara temen kerja tgl merah ngelayani vaksin
125,greshan maju vaksin
126,gua takut vaksin gua
127,mdy asmara smoga vaksin tidak wajibkan penjual sirkuit
128,salah vaksin mrna menyebabkan anak
129,kereta joglosemarkerto aglomerasi wajib vaksin vaksin
130,salah vaksin mrna tidak direkomendasikan kehamilan beredar narasi akun thok mengat
131,tiket vaksin tidak ditemukan
132,laptop gua rusaaaaak nulis vaksin faksin gt
133,dewi vaksin penyelenggara bukan syarat utama
134,haha nunggu gua vaksin bestie
135,vaksin lengkap anak capai anak menerima vaksin
136,vaksin kuala lumpur vaksin emg gt nder rokok pokok
137,yun mh nemu karna mahu vaksin bukan warga tangsel
138,msih percaya imun allah vaksin
139,lili vaksin steril disponsori anak aktif suka suara lucu jakse
140,kucingku vaksin dok rencana mahu vaksin nunggu diskon vaksi
141,uas jalan sgpore vaksin
142,sedih kena aefi kematian kenalan disebabkan vaksin
143,dilabelin sales vaksin
144,vaksin donk
145,efi mpr aldo vaksin biarin tetep teriak vaksin memiliki efek samping berakibat
146,mpr aldo beh dipecat mahu vaksin
147,dakwaan golongan vaksin bahawa penyakit cacar monyet disebabkan kesan sampingan pengambilan suntikan
148,vaksin nemuin lepas nemu nama instagram
149,pusvetma surabaya produksi vaksin pmk
150,memutus rantai penyebaran lanal bandung vaksin warga
151,jebul vaksin
152,takut disuntik vaksin
153,gua promosi anak vaksin
154,vaksin prokes melengkapi lawan
155,ekapus peduli lindungi rekam jejak vaksin riwayat rekam jejak keseha
156,vaksin astra pegel doang mengantuk palingan lepas
157,ryu rya ngetik bener gua vaksin
158,mantan relawan vaksin vaksin tanyain efek kakak
159,wakawaka vaksin doi
160,maaf oot banget pendapat vaksin astra pfizer tolong
161,hasil lapar bpk mencatat bets vaksin beredar pergi
162,istri mahu rokok sertifikat vaksin
163,vaksin lepas vaksin sebulan diulang
164,ayok spes hiburan sakit habis vaksin dedep loeynata
165,mahu tidak lepas biar vaksin bersertifikat dipak
166,kena sejuk hujan aircond kuat haiz kena vaksin
167,gokar info vaksin karawang terimakasih
168,bhabinkamtibmas kel gisikdrono bripka budi nurahman melaksanakan giat pendampingan vaksin puskesmas lebd
169,dokter tifa vaksin basmi perilaku lgbt dok
170,vaksin ditunggu tunggu
171,sih vaksin langsung sertif divaksi
172,bebas jelasin vaksin kcg harga sekitaran dilakui kemarin
173,efek samping vaksin cacat meninggal pabrik farmasi berkelit berlindung
174,kids juta kanak kanak lengkap vaksin hisham putrajaya
175,alhamdulillah sekeluarga tidak vaksin
176,selamat malam kakak penumpang jarak kota vaksin ketiga
177,pelajaran sekolah cacar kena kena gt vaksin
178,kab bantaeng melaksanakan giat sambang amp himbauan vaksin desa bonto tangnga kec ul
179,kab bantaeng melaksanakan giat sambang amp himbauan vaksin kel bonto sunggu kec
180,bertubuh enak mahu vaksin diragukan bangat
181,kab bantaeng menghadiri giat karya mini amp himbauan vaksin kel lamalaka kec
182,emak bapa vaksin gabisa masuk
183,vaksin imuni dokter dateng rumah
184,kab bantaeng melaksanakan giat sambang amp himbauan vaksin desa bonto kec
185,kab bantaeng menghadiri giat umi amp himbauan vaksin desa patallasang
186,bener kereta jarak vaksin syarat
187,kunjungan peninjauan vaksin peninjauan layanan dukcapil peninjauan lokasi pembangunan rumah sehat
188,yeap vaksin
189,kab bantaeng melaksanakan giat silaturahmi amp himbauan vaksin desa patallasang
190,vaksin kanak kanak berumur mei membawa
191,pelaksanaan pengamanan pengawalan vaksin wila payah provinsi sulawesi utara personel brimob polda
192,bogor dinkes mahu vaksin vaksin sinovac umur
193,pagi kebagian vaksin sbner gaada urusan sih fikir sesimp kedepa berguna
194,ultraman cuman vaksin langsung nyari ultraflu wakawaka
195,mari lihat vaksin
196,larian singaperbangsa gada vaksin vaksinan
197,esok mahu vaksin langsung botani wib
198,titip jepang kakak jenis vaksi jenis vaksin jenis vaksin
199,los dol mlebu luweh isih dioyak vaksin njur piye jal
200,lupa beres vaksin mengantuk seharian
201,haruse kuala lumpur lepas dientry pcare vaksin
202,definisi vaksin sains menciptakan keke awet tahan vaksin pengulangan definisi va
203,bilang kangen pergi gua kapelan cw haha gua payah vaksin
204,vaksin suka gigit
205,biasaya tiket otomatis tertulis keterangan vaksin tiket nik
206,beli pampers vaksin anak mama
207,ms administrasi gua tinggal syd bny vaksin pemerintah australia ok
208,november vaksin lupa jatuh motosikal wakawaka
209,habis dg penyebar hoaks vaksin berwenang tolehpun kagak akun prov
210,tapayah vaksin berisiko mati lepas kena
211,vaksin nama wakawaka
212,gua vaksin
213,samber efek vaksin dinamakan sindrom berita dijadikan rujukan
214,vaksin pmk ditarget selesai psvetma surabaya
215,berati kuala lumpur gada kondisi kesehatan vaksin
216,vaksin ntn pergi pingin bngt
217,tiket vaksin wakawaka
218,gendut mentimoen maksud habis vaksin
219,serap perkataan serap elok vaksin musim kovid vaksinasi bukan pemvaksinan
220,vaksin kebaca vaksin bangke
221,vaksin menjadikan rumah tnggaku curiga berantem istriku vaksin mahu
222,aturan terbaru antarkota penumpang vaksin amp ketiga tidak skrining kereta
223,staf ngeluh kena cetik vaksin
224,lepas habis vaksin makan makan laper banget
225,sengaja disebar vaksin
226,jaga kondisi tubuhmu vaksin jaga risiko kesehatan fwd
227,kemaren mesen vaksin sih akun pl persyaratanya pemegang tik
228,saudara anak kerabat terkena efek vaksin berakibat cacat permanen kasih
229,samber efek vaksin dinamakan sindrom berita dijadikan ruj
230,bantu nda kemaren ortu jkt vaksin boosyer
231,malas wedi gurung vaksin sih
232,kapolres merangin jadwal kegiatan vaksin merangin capaian vaksin andri sucipto kejap
233,siapkan upaya vaksinasi mencegah keparahan infeksi upayakan vaksin didistribusikan kontak erat
234,tidak mengenal bersemangat berbisnis vaksin
235,vaksin mencari lepas barengan
236,kakak maaf mahu lepas yeri disteril ditanyain keterangan vaksin diperiksa kesehatanya
237,terajana kasun ndeso analogi babi vaksin mati
238,jadwal vaksin gua mundur weh
239,efi mpr aldo vaksin biarin tetep teriak vaksin memiliki efek samping
240,alhamdulillah bersyukur vaksin sinovac sinovac fizher nyaman
241,abon perhatian bener ngingetin jadwal vaksin ngingetin obat cacing gua untung cewe cowo gua baper haha
242,mpr aldo fathun abang bener vaksin ambil rika ampe vaksin
243,zagabim herlamb emg vaksin
244,kucing vaksin jujur pendapa
245,jaminan vaksin sehat tanggung
246,cegah pmk tim pakar pusvetma produksi vaksin sariagri pertanian
247,dongkrak cakupan vaksin pemkab gowa gelar gebyar vaksinasi serentak kecamatan gowa
248,haryanto berita tersebar terjangkit lgbt pemuka vaksin kena tidak
249,mahu karna siang vaksin
250,kasun ndeso diluar ilmuwan bersuara indonesia mai keukeuh vaksin berjilid syarat
251,hallo mahu kuala lumpur vaksin gada dokter nglampirin hasil dokter
252,ringgit malaysia aidil fitri menjelang rayakan selamat lindungi tersayang vaksin anak
253,vaksin cacar monyet beritajogja jogja jogjaistimewa
254,tukur arwana disuntik vaksin nusantara rizky kimon kondisi terkini kondisi terkini
255,menarik bpk juta vaksin beredar izin
256,bantu pusat utbk untidar rokok vaksin tanda hijau pedulindungi
257,wna vaksin membawa kitas kitap melampirkan melampi
258,terajana kasun ndeso ikhtiar pakai haram ikhtiar vaksin
259,kaya diaku vaksin gada efek demam
260,ekspedisi gt inti dikirimin resi nanri biaya asuransi vaksin dl
261,vaksin pfizer ngefek mengantuk kemeng
262,mootsku minat fre webinar webinar vaksin sih webinar tgl
263,pinrang rokok dmn ngehebohin nikahan kmren vaksin wakawaka
264,kereta vaksin doang
265,denmark pertimbangkan vaksin atasi cacar monyet
266,gua kena joshushushu deh tolong kasih vaksin dollys tidak oleng
267,habis vaksin lemes cuba peluk cium lemes
268,vaksin ngadain vaksin sih
269,bukti vaksin sertifikat upload gimana
270,puskesmas rs terdekat mahu vaksin tinggal
271,ortu gua kebiasaan bangat ngajak suka dadakan alamat gegara bapa gua vaksin
272,iehecan niatan vaksin
273,ofi niatan vaksin
274,niatan vaksin
275,habis vaksin buka panas dingin anjing
276,afrika selatan vaksin cegah cacar monyet
277,kakanwil kemenkumham jateng yuspahrudin wbp lapar semarang vaksin
278,ngga vaksin sertifikat aneh bangat payah mahu gabisa grgr sertif
279,khasiat vaksinasi meningkatkan keke tubuh mencegah risiko terburuk tidak pil
280,vaksin wbp lapar bagansiapiapi kalapas mari pandemi endemi selengkap
281,pusvetma jatim ditarget bikin vaksin pmk juta
282,kek vaksin
283,sebener mahu hagio giandra tangan kaku habis vaksin esok lusa
284,vaksin boster cek tensi bidan terheran hairan
285,bentar tungguin nyari vaksin duh keselip vaksin
286,rhi pantang menyerah berjuang selamat sehat dg menghindari vaksin
287,vaksinasi syarat penerimaan siswa makasar disdik makasar syaratpdb vaksin
288,lahabau sembang pasal amp vaksin terbaru bos pakai khairykj ismail
289,java jaz tolong konfirmasi masi tes vaksin trims
290,tuntaskan vaksinasi rutan purworejo gelar penyuntikan vaksin
291,adeku salah nik langsung konfirmasi kakak vaksin
292,pemulihan kesehatan dunia kejap jualan vaksin selanjut jualan multivitamin vaksin
293,rutan perempuan bandung melaksanakan vaksinasi skrining kesehatan pandemi
294,selamat vaksin cantik
295,mahu vaksin berb yaah sobat
296,catsie mpuz nggk masuk indonesia vaksin pkm terganggu
297,punten vaksin daerah dramaga esok
298,ayo vaksin takut indonesia sehat indonesia hebat ayo vaksin follo follo
299,dikarunika vaksin
300,vaksin patrior isnin jumaat sabtu minggu tanggal merah libur kakak
301,ayo laksanakan vaksinasi vaksin bersertifikat jaga prokes nvaksin indonesia sehat indonesia hebat bersatu
302,penyakit jantung darah tidak vaksin
303,pekerjagigolo monggo sejwat ngerti isi vaksin bahaya
304,bukan kau lambung mesia vaksin senyap
305,izin kakak persyaratanya kartu sertifikat vaksin terima kasih kakak
306,gua oleng vaksin
307,irvandwicahya vaksin pointuk nde
308,alhamdulillah pertemanan kotaku bikin efek busuk vaksin alhamdulillah
309,pacaran vaksin
310,gerai vaksin presisi masyarakat poliklinik satbrimob polda kepri rangka mendukung pemerintah
311,ceritanya pagi gua vaksin ketigax gasi mba nyuntiki kyk mahu coblos presiden anjrit
312,vaksin dtempatku rb kakak
313,ohya vaksin rokok
314,kucingku mahu vaksin minumin drontal dilepeh lantai mahu diminumin higienis
315,bilang alasan relevan cabut pembatasan cabut vaksin sumpel mulut
316,nganter ayesha vaksin ayesha dipanggil nama aldebaran
317,syarat wajib vaksin
318,bisnis vaksin
319,oposisi cerdas kena hormati buka vaksin gimana
320,tangan sakit habis vaksin pusing haid
321,hujung bisnis vaksin menggiurkan
322,mengenal vaksin cacar monyet
323,pekerjagigolo vaksin nakes lelah nama vaksin vaksin vaksin
324,suntik vaksin ketemu mantan gebetan au
325,diteliti ok mahu mengextract vaksin berbasis adenovirus
326,vaksin bocil
327,vaksin sih insyaallah kuat mahu maju
328,ketua sekwan dprd gowa pantau gebyar vaksin
329,diteliti ok mahu mengextract vaksin berbasis adeno
330,jamaah haji berumur liat berita vaksin az duh gua bayangi kek efek
331,maju kau ji changmin gua vaksin
332,disarankan terawan tukul arwana disuntik vaksin nusantara kondisi
333,pokok vaksin tidak salah
334,oalah kaya vaksin deh kakak
335,switzerland ceo moderna raksasa produsen vaksin bansel wef sedih sed
336,atm mengharuskan vaksin berhenti nasabah
337,fes vaksin
338,disuntik vaksin nusantara tukul arwana dipantau dokter terawan
339,tangan disuntik linu ok diangkat habis vaksin
340,kepala pusat riset obat amp vaksin masteria yunovilsa putra pengembangan penemuan obat membutuhka
341,sanjayaarif oya ngomong rokok nguap vaksin kanker servix khabar
342,fes oot mahu kemaren vaksin
343,vaksin kmrn efek takut
344,klaim vaksin menyebabkan aids informasi keliru ok
345,vineeta vaksin tidak meningkatkan kerentanan infeksi hiv
346,dokter tifa kemarin saudara pasca vaksin meriang seminggu meninggal
347,vaksin tidak menyebabkan aids hiv rentan tertular
348,narasi vaksin penyebab hiv tidak bnar talabani informasi
349,tertular jarum suntik bekas kandungan vaksin tidak diklaim menyebabkan
350,warga setidak vaksin puji tuhan alhamdulillah terimakasih jokowi segenap jajaran
351,zandrea ambroze pakar hiv profesor penyakit menular universitas pitsburgh tidak vaksin co
352,klean uda vaksin lomz ripiw dongs efek habis vaksi
353,berkeras berdasarkan vaksinasi rendah vaksin kalangan
354,ular racun obat racun disesuaikan vaksin dilumpuhkan
355,bukan dokter vax membandingkan keamanan vaksin tahap eksperimental
356,mis walopun kemaren habis vaksin tangan masi sakit gaspol hayuk
357,nama pradaiva nabilla tugas literasi kemanusiaan vaksin sebabkan hiv aids
358,kakak alhamdulilaah vaksin hihi makasih banyaak
359,mari vaksin melindungi serangan vaksin teruji
360,vaksin perlindungan
361,vaksin indonesia
362,edaran jadwal vaksin
363,guys vaksin
364,dihimbau masyarakat indonesia vaksin vaksin melindungi tubu
365,zagabim herlamb pajak dinaikin ngerasain manfaat fikir beli vaksin
366,gua habis vaksin enak enak gampang capai lelah
367,lengan sakit banget habis vaksin
368,puluhan ribu vaksin beredar jawba narasi nara
369,ganjar divaksin ganjar menginspirasi kepala daerah indonesia
370,vaksin peduli lindungi sertif
371,cah sesok enek vaksin
372,arti dienjus beneran vaksin aman efektif
373,vaksin purbalingga tercapai purbalingga vaksin vaksinasi
374,pekerjagigolo setahun arti dienjus beneran vaksin aman efektif
375,terima kasih menunggu pelaku perjalanan vaksinasi ketiga
376,gua malas bangat vaksin kya meriang
377,wakawaka nemu halodoc vaksin bikin hamil engga
378,untung komisyen vaksin
379,vaksin berbahaya anak ketua komnas diadukan ormas macita polda jatim
380,hati liat syarat vaksin
381,kaya ketauan hipertensi mahu vaksin dokter panik jarum ter
382,cah kereta surabaya kediri syarat vaksin tidak
383,mega puspa rencana liat syarat vaksin
384,capeeek bangat huhu seharian pagi lemes pegel habis vaksin sem
385,dokter tifa muslim sebisa hati hati rujuka sihir vaksin pakai dasar
386,kuat vaksin
387,leiejeno untung vaksin
388,puluhan ribu vaksin beredar jawba narasi
389,rokok info lokasi info lokasi jadwal vaksin
390,suami tensi teruus lepas mahu vaksin kemaren ngerasain pusing bilan
391,pastikan vaksin cacar monyet tersedia
392,perasaan vaksin bangat deh
393,juta manusia vaksin masku tetep durung
394,ponakan vaksin az muncul gatal bentol alergi pdhal
395,pakai nomer ponsel isi lepas vaksin
396,pengaruh penerimaan vaksin kajian tinjauan lembah klang pautan borang selidi
397,kemenkes mengumumkan pemberian vaksin
398,mentan instruksikan pusvetma jatim bikin vaksin pmk
399,menunggu vaksin ganjar pengawasan ketat memperhatikan mengunci pergera
400,kaya jadwal vaksin tidak sih kakak kemaren kaya kakak hairan belo
401,senada deputi sekretaris jenderal pb amina mohamed mengapresiasi capaian vaksin lang
402,kasun ndeso insentif sih ok vaksin menyurat
403,suka teh tidak cuba minum teh anget deh habis vaksin tumbang abi
404,admin selamat rute penerbangan jakarta palembang vaksin melakuka
405,maksain kantor hujung tepar duluan lepas siang malu banget efek beda vaksin
406,divaksin ganjar menginspirasi kepala daerah indonesia
407,demam vaksin lepas
408,mahu vaksin bukan faskes terdekat tolong masukin datanya faskes terdekat tidak sih
409,kasun ndeso penelitian aktif vaksin tidak
410,habis vaksin rokok nafsu makan meningkat pesat mbadog hawane doang
411,dijadwalin tgl mei qodarullah bersin maret kmrn dijadwalin mahu vaksin qodarullah payah isoman
412,fes kucing ngompol habis vaksin ngompol ruang tunggu saking takut
413,mahu ditanyain tidak vaksin ngantri cerita
414,lolos nyantumin sertif vaksin lolos nyantumin sertif olim
415,pusvetma produksi vaksin penyakit mulut
416,vaksin mengitari kel jaktim tarik urat kuala lumpur info
417,kasun ndeso anas ngilang nongol spg vaksin
418,riset vaksin pfizer efektif lawan anak
419,bodoh alahai monkeypox kena mesti mak bapa kasi vaksin anak
420,telepon sesuai vaksin ok salah
421,anjing dokter mai abang habis vaksin kadang efek kecapean abang
422,vaksin anjing
423,kasun ndeso penelitian aktif vaksin
424,tia oehoe ngerih kaga vaksin kah
425,vaksin kena
426,yaampun gua vaksin dimintain
427,gandeng pusvetma gubernur khofifah dukung pembuatan vaksin pmk
428,sih kaya vaksin malem lngsung demam pusing
429,upah jajan cucuk vaksin mengamuk
430,ngeyel ngomong pakai vaksin mai vaksin bapa petugas ngegas bilang bener
431,pemberian vaksin masyarakat desa plawikan latepost ikuti facebook
432,versi pengen ngistora vaksin
433,selamat kereta api jarak wajib vaksin
434,hadeh vaksin fizer untung
435,ibnu rudy roedyanto maaf ngga salah buka vaksin
436,peternak kota cirebon jawa barat menunggu kedatangan vaksin penyakit mulut pmk publisherstory
437,percepatan vaksinasi digencarkan budaya protokol kesehatan kehidupan sehari
438,vaksin yey
439,selamat kakak calon penumpang lokal wajib vaksin dibuktikan apli
440,diah haha vaksin
441,peternak kota cirebon nantikan vaksin penangkal pmk haruto adlv nomin
442,vaksin ngilu tangan kaya vaksin
443,sudh vaksin kebal
444,lepas vaksin sakit nimbang nimbang migrasi kerumah kakak mbabu
445,jarnas abw hapus vaksin presiden
446,oiya yeri vaksin lengkap insya allah vaksin tahunan
447,kartu bpjs gadekeun sertifikat vaksin
448,serius sih alasan vaksin kucing anjingmu rumah
449,korut suspek kopit jong buka nyuruh vaksin nyuruh
450,rudy roedyanto karna umur vaksin nonton kah
451,ulvatus kepo vaksin
452,suntik vaksin
453,vaksin ntn konser pergi sih westlife dreams jkt indonesia
454,rivanda rachmat vaksin kyk dibrainwashed orangtua bangat nurut insya
455,baca dibanyak postingan vaksin kopit varian negeri khatulistiwa
456,semoga tukul lekas sembuh vaksin nusantara terapi cuci otak bpk terawan leng
457,kemaren vaksin tensi diatas turun aneh pusing kek
458,maaf fans vaksin keinget banget mama vaksin mundur
459,rhi kasun ndeso seurgent vaksin korelasikan fakta lapar ngan
460,lokal syarat vaksin
461,habis vaksin astra semoga pergi demam kyk jujur tangan pegel woi
462,woala vaksin
463,kemenkes efek vaksin kopet tanggung lu
464,vaksin copit nonton java jaz moderna btw suka disuntik nakes
465,selamat kakak penumpang jarak vaksin tidak wajib sk
466,syed akramin pupet davos bincang kurangkan populasi dunia cucuk vaksin tinggal pergi
467,cepet vaksin
468,hiks temen efek vaksin lumayan kerasa bangat
469,kucing vaksin
470,tarikh pemberian vaksin kanak kanak dilanjutkan mei keputusan dibua
471,nunggu kerasa bangat serasa ngantri vaksin
472,haryanto kuala lumpur presiden disuruh vaksin setdah
473,wih vaksin
474,gua dibilangin bapa bapa ponaka vaksin makasih mba bantua telp
475,tokito lemes vaksin
476,perjalan bandung vaksin
477,jalan jalan berkedok vaksin tebak lokasi bener mutualan
478,mamat negara keluarkan vaksin hasil membazir bayar gaji
479,babinsa koramil salak melaksanakan pendampingan vaksinator vaksin boster warga desa bina
480,goblog wakawaka vaksin disensor qr nik nomer hp tgl lahir dise
481,bil gates mendesak persiapan serangan cacar vaksin cacar monkeypox monkeypox menyebar
482,masyarakat anak usia puskesmas kedaung barat kab tangerang menerima vaksin rangka
483,fak rajia sim rajia vaksin timbul singkal tangan
484,ajak warga dinkes dki jakarta vaksin teruji bermanfaat
485,banyoe rhi kasun ndeso dokter bikin vaksin efek samping bikin
486,kendor melandai sehari vaksin warga aceh
487,dataku tidak akses sertif vaksin aplikasi peduli lindungi vaksin
488,huhu vaksin
489,kancana diabyg menciptakan meramal menciptakan vaksin kekaya
490,masdzek comuter sih vaksin lengkap pergi instagram
491,cuman anabul steril vaksin makan rc pakai
492,lahabau sembang pasal amp vaksin terbaru bos pakai khairykj
493,minggu vaksin untung deket puskeswan
494,bilang kelen anteng kebijakan ngehek pemerintah paksa vaksin amp aplikasi
495,satgas tmd kodim bangkalan gelar serbuan vaksin
496,insekyur haha mulu upload sertifikat vaksin website singapur somad
497,efek vaksin aneh
498,bukan mahal anabul steril masi megap vaksin kucing
499,habis vaksin langsung demam untung esok libur rehat
500,ok habis kena gejala mahu vaksin jarak
501,erick hoho komitmen membangun industri negeri menciptakan lapar ngan kerja pengembangan vaksin
502,temenku maret jepang vaksin amp sinovac karantina nunggu
503,khairykj aziz kau cucuk vaksin percubaan mengandungi babi kena tipu hidup
504,hrs nunjukin vaksin amp bpjs
505,personil kejap samapta polres parepare melaksanakan kontrol giat vaksin dinas pendidikan nasional kota
506,pelari meninggal dilarikan rumah sakit efek vaksin kah
507,sumando gaek plandemit sridiana va pekerjagigolo komunitas penyembah vaksin haram
508,vaksin kopit bersifat sukarela suka rela silahkan suntik vaksin kopit tanggung akib
509,rudy roedyanto koh anak vaksin nonton koh mohon pencerahanya
510,mahu bertujuan memupuk kerjasama jangka pembangunan penyelidikan pengkomersialan vaksin manusia
511,airam mahu vaksin kakak buka vaksin wajib uda kakak
512,vaksin gotongroyong ketiga rokok payah
513,vaksin tensi lumayan haha
514,memiliki vaksin lupa terapkan protokol kesehatan memutuskan penyebaran covi
515,mahu vaksin anabul drh blg vax ok uda vaksin wajib uda manggut
516,noi zack mustahil adil budak vaksin bawa sakit jangkit
517,kena cari vaksin monkeypox haha
518,vaksin diganti pakai
519,tgl merah diganti kagak gua mahu vaksin jadwal les minggu tetep jumaat
520,efe vaksin kelar demam pengen makan seblak
521,pamor keris mojokota pamor keris polres mojokerto kota prokes lawan vaksin polri presisi
522,selamat kakak vaksin tidak wajib skrining pcr inf
523,gua disuruh cetak kartu vaksin ajg banget diupdate elah aplikasi dihapus
524,putra amien kakak maaf mahu nunjukin bukti peduli lindungi nunjukin kartu vaksin
525,mencari jadwal vaksin
526,jarak vaksin kakak
527,diwajibkan vaksin
528,gweh takut ganteng gweh vaksin
529,adam vaksin cacar monyet
530,rangka memenuhi pencapaian vaksinasi meningkatkan imunity merata bhabinkamtibmas
531,misterius tidak hubuga vaksin infrastruktur jokowi ter
532,denysiregar engeh kemaren bilang tolak vaksin beliau vaksin syarat
533,memiliki vaksin menunjukan negatif pcr
534,temanku alasan kucingku tahunan aman rokok vaksin kemaren vaksin mati
535,kucing rumah vaksin komplit tinggal ekor kecolongan panl
536,bener biaya vaksin dbanding biaya sakit kucing mai vaksin lengkap batc
537,fikir kucingku ful nunda vaksin fikir tidak interaksi kucing gabole
538,giat gerai vaksin presisi laksanakan polsek belitang desa totorejo kec belitang
539,moderna vaksin cacar monyet
540,mohon info perjalanan hamil kandungan usia vaksin
541,cuba cek takut alergi vaksin dicoba
542,rudy roedyanto liat tiket im vaksin
543,kasun ndeso humas polri listyo sigit pergi tinggal indonesia lengkap vaksin tinggal
544,permintaan kebut vaksinasi calon jemaah haji didasari calon jemaah
545,penyakit akut anak bukan vaksin
546,kakak mahu beneran vaksin sinovac jepang hrs karantina seminggu
547,punten dedi cebong buzerp membesarkan ntar bisnis obat vaksin
548,joyan haendarbeni kasun ndeso humas polri listyo sigit pergi tidak mahu vaksin
549,yori ariyani jaohari latif ambil liawidy anak umur vaksin
550,memiliki vaksin
551,maaf liat notif ngga rokok tunjukin sertif vaksin kuala lumpur msh vaksi
552,isi dompet kartu vaksin
553,hok keren vaksin nyut nyutan
554,mantep vaksin ruangan sebelah rapat komisi denger gua teriak
555,habis vaksin tanganku ngilu banget
556,kasun ndeso humas polri listyo sigit pergi sl vaksin bagus tidak mahu vaksin silahkan
557,selamat mohon maaf dinfokan memiliki vaksin kakak
558,nampak isu vaksin
559,vaksin tetiber vaksin
560,rhectza kasun ndeso humas polri listyo sigit pergi peribadi vaksin bagus tidak vaksin
561,mahu steril vaksin steril
562,kemarin antusias vaksin moderna ambruk
563,vaksin mrna bukan haha maksiat lgbt bingung rokok kena monyet
564,dukcapil urgensi deh sih menkes vaksin ter
565,elvina nara meresahkan vaksin
566,elvina nara dilakuka vaksin masyarakat kebal menghadapi varian
567,elvina nara kedepan diputuskan eua tujuan menambah suplai vaksin
568,serbuan vaksin digelar satgas tmd rangkaian kegiatan fisik fisik manunggal membangun
569,pemkot bandung dkp mengupayakan pengadaan vaksin ternak
570,elvina nara vaksin bagus
571,mentimoen syukur kaga mahu vaksin
572,cmn mamaku vaksin kakak
573,chelseafan indonesia chelsea fc skck aktif bpjs vaksin
574,ojo kesusu stok vaksin pcr habis
575,kegiatan vaksin puskesmas ciketingudik rabu
576,mahu bertujuan memupuk kerjasama jangka pembangunan penyelidikan pengkomersialan vaksin
577,srungwadimorfav rudy roedyanto syarat vaksin
578,wabah monkeypox keluarkan vaksin cacar monyet cadangan nasional
579,haha vaksin karna darah rendah
580,manajer tukul arwana membeberkan kondisi kesehatan terbaru artis terapi disuntik vaksin nusa
581,mempercepat pengembangan vaksin kesehatan menerapkan teknologi ml
582,cuci mata modus vaksin
583,sumpah allah ngga berhenti senyum kaya kebanyakan vaksin
584,kondisi tukul arwana keluarga cerita komedian divaksin
585,negara mahu bagikan vaksin atasi cacar monyet
586,bertahun vaksin kakak
587,kemenkes efek vaksin
588,vaksin kaya gaperlu karantina deh sokor
589,tawaran vaksin korsel dicuekin korut
590,chelseafan indonesia chelsea fc bukti vaksin
591,lepas jaket mahu vaksin serasa kek buka aurat
592,rudy roedyanto mahu kemaren liat peraturan vaksin boos
593,maju vaksin
594,gua qrt maju gua takut gua vaksin
595,vaksin boster sinopharm
596,wabah cacar monyet merebak vaksin khusus
597,selamat kakak penumpang vaksin ketiga tidak gua
598,isnin kmrn bangat nyari ok bongkar ringgit malaysia vaksin bangat kepala
599,tingkatkan persentase vaksin camat somba opu gelar gebyar vaksinasi sungguminasa keca
600,fikir kucingku ful nunda vaksin fikir tidak interaksi kucing
601,sistem masuk membeli tiket online vaksin vaksin pembelian
602,ahli negri buka vaksin
603,koh rudy roedyanto masuk istora lepas im vaksin
604,bener kasih nama anak aneh gua ngedata vaksin ajh
605,java jaz vaksin nonton btw
606,kcg ceritanya bapa nunggu antrian vaksin didatangin kiten pangku habis
607,penggunaan kecemasan beli vaksin adham sedia kerjasama sprm fmt
608,alhamdulillah tergoda himbauan tipu paksaan vaksin sehat
609,fokus ruwet ruwet kaya hm bner sih diterapin mesti bpjs aktif vaksin
610,bener biaya vaksin dbanding biaya sakit kucing mai vaksin lengk
611,vaksin monyet vax vaksi lbh gawat monyet kovet selesai maret mnrt wb resmi danany
612,minggu stelah vaksin langsung kena panleu dirawat kena parasit darah
613,jelang liga patut lib berencana syaratkan vaksin tahap suporter beli tiket
614,plt bupati langkat akui kekurangan stok vaksin pmk
615,kakanwil kemenkumham sulbar faisol ali rutan kelas ib mamuju lakukan rapat teknis persiapan vaksin
616,kmrn gapake sertif vaksin nder pedulilindungi
617,kucing rumah vaksin komplit tinggal ekor kecolong
618,daftar temuan bpk negara prakerja vaksin
619,boby vaksin
620,fokus penyampaian maklumat kepentingan penggalak vaksin kempen putuskan rantaian hfmd mena
621,fokus penyampaian maklumat kepentingan penggalak vaksin tris penilaian kendiri kempen
622,pusat komersial razak persiaran ikhlas fokus penyampaian maklumat kepentingan penggalak vaksin covi
623,bomba amp penyelamat wangsa maju fokus penyampaian maklumat kepentingan penggalak vaksin
624,beli catery online jt vaksin lengkap bebas parasit terawat banget
625,warga pekanbaru vaksin lepas
626,premis perniagaan jalan sepadu fokus penyampaian maklumat kepentingan penggalak vaksin tris
627,pantengin instagram ciputra vaksin
628,kemenkes vaksin berguna kipi tidak tanggung tidak percaya kemenkes
629,memiliki vaksin wajib melampirkan hasil negatif tes
630,vaksin efektif meminimalisir potensi tertular
631,jelang liga patut lib berencana syaratkan vaksin tahap suporter beli tiket laga
632,mdy asmara lu bilang lokal vaksin palsu lu
633,provos batalyon pelopor melaksanakan pengawasan berjala vaksin klinik teratai satbrimob polda sulsel
634,korea selatan bantuan medis vaksin korut wowkeren hiburan
635,cerita gais dadi kemaren iku vaksin pagi iki akeh seng demam relaks tangan
636,proyek vaksin jalan
637,dijamin pcr vaksin kampret monyet babik langsung teratasi
638,personel kejap lantas polres tanjung melaksanakan himbauan mengajak masyarakat vaksin gatur
639,payah mnimal hrs vaksin mahu masuk wpk
640,liat ptc jt biaya kucing kandang vaksin vaksin
641,vaksin fikir tepar hshsahshs untung uas
642,takut sebenar bukan dunia masuk vaksin simtom
643,jkt kota pakai vaksin
644,khabar rezeki mengaku kondisi tukul sehat disuntik vaksin artis menggeraka
645,punten info vaksin klinik cepat
646,jerman pesan ribu vaksin cegah penyebaran cacar monyet
647,vaksin bumn diluncurkan juli andre rosiade vaksin gotong royong buntung
648,monkeyfox vaksin tersebar pencapaian terbesar wef
649,membangun industri negeri komitmen penuh membangun negeri produksi vaksin negeri
650,ayo vaksin ayopakaimasker ayovaks ncovid bersamalawancorona humaspolresbinjai polripresisi
651,sih vaksin gotong royong haha
652,mahu lepas mahu vaksin ketiga liatin kartu vaksin
653,dokter tifa vaksin biar pencet mati
654,monkeyfox sebaran vaksin gua sasaran imunitas manusia hilang jenis
655,kartu vaksin stasiun krl
656,babinsa koramil salak kodim laksanakan pendampingan vaksinator vaksin
657,kucingku kakak vaksin kampung kutuan cuba dateng dul
658,jujur seneng vaksin mbe ntar gelomban
659,habis vaksin muntah muntah wajar
660,bungsu bawel gegara enak habis vaksin manja nda okesip ntaaps ok ok jadwal pumping
661,nitip kmren ngga beli tiket ktp kartu vaksin diatas
662,kemaren mahu divaksin bersin ngobatin sariawa vaksin
663,vaksin biar rentan
664,yuk vaksinasi jenis vaksin sinovac daftar lupa bawa foto
665,vaksin sinovac moderna berasa
666,personel batalyon pelopor satbrimob polda sulsel melaksanakan pengamanan pengawalan vaksin
667,moderna lepas lu mahu vaksin tergantung sisa
668,vaksin amp sinovac pfizer
669,budi abang godham hasil lapar bpk mencatat bets vaksin cov
670,presale tiket manuk syarat ketentuan wajib vaksin ktp maksimal membeli tiket laki
671,vaksin cegah cacar monyet reqnews hukum
672,info vaksin astra
673,dampingi warga binaan babinsa koramil tempuling takut vaksin
674,kakanwil kemenkumham sulbar faisol ali petugas rutan kelas ib mamuju lakukan rapat teknis persiapan vaksin boos
675,vaksin masyarakat kota pulang kampung halaman melih
676,hn makasih vaksin obat cacing rokok
677,didu vaksin harga mati
678,pengguna vaksin sinovac dibooster pfizer astra zeneca gembira studi bawa khabar
679,dokter tifa vaksin nusantara anak bangsa rokok manfaatkan sedih liat negari
680,lokus klinis vaksin bumn biofarma pemkab jeneponto lakukan sosialisasi pemerintah kabupaten jenepo
681,alhamdulillah salah menolak vaksin
682,oot klinik rs vaksin dewasa
683,bener kmaren tiket vaksin cepat sih respo
684,vaksin moderna pfizer disiapkan vaksinasi anak
685,bebas indonesia stok vaksin cacar
686,mahu daftar sertifikat vaksin
687,tiket vaksin tidak ditemukan vaksin
688,lucu bangat pertemanan nanyain kartu vaksin cetak
689,mitos vaksin mempengaruhi kesuburan faktanya tidak bukti menunjukan bahawa vaksin
690,indonesia berhasil menyediakan stok vaksin jaga prokes nvaksin indonesia sehat indonesia hebat
691,banyoe rhi kasun ndeso presfektif vaksin
692,setau gua jual berkedok emg adopsi biaya vaksin et
693,babinsa tasikmadu bhabinkamtibmas dampingi vaksinasi desa binaan pituruh babinsa koramil pituruh kod
694,vaksin bersertifikat jaga prokes nvaksin indonesia sehat indonesia hebat bersatu lawan
695,makluman bapa pemberian vaksin dilanjutkan anak anak
696,dokter tifa bpom tidak merilis kandungan vaksin memframing pembekuan darah
697,informasi vaksinasi anak monggo dimanfaatkan vaksin lengkap
698,warga jakarta pulang kampung halaman berkat suntikan vaksin
699,antisipasi cacar monyet jerman pesan vaksin
700,satgas penanganan melaporkan warga indonesia vaksin
701,dokumentasi adik vaksin
702,vaksin mencegah akut misterius yuk ketahui jawaba moms
703,dokter tifa eua masuk negara tidak pemeriksaan kandungan vaksin
704,dokter tifa terkandung vaksin kekayaan intelektual lucu seharus merilis infor
705,dokter tifa pokok permasalahanya narasi beredar vaksin aman tubuh menecegah keparahan dl kena
706,selamat siang kakak penumpang kota vaksin tidak wajib menunjuka
707,vaksin hihi deh semoga dateng makasih
708,vespa abang pocong untung vaksin ful gua
709,dokter tifa vaksin berplatform isi sesuai diberitahukan
710,vikana serem dipaksa vaksin
711,pertanggal mei vaksin bebas
712,penemu vaksin penghafal qur kalah kontribusi
713,rhi kasun ndeso skema ponzi pandemi mengambil vaksin wajib tes wajib
714,vaksin bunuh bunuh mik
715,oala vaksin vaksin
716,foamwatchers tidak lapar diterima komnas kipi terkait vaksin moderna
717,vaksin lengkap tinggal vaksin tahunan mahu steril
718,puskesmas mranti kabupaten purworejo menyelenggarakan kegiatan vaksin warga binaan
719,tuntaskan vaksinasi rutan purworejo gelar penyuntikan vaksin purworejo keke
720,lepas vaksin
721,hehe bikin disbshsvsisn mahu vaksin
722,vaksin pergi bandung cepu
723,admin perjalanan kota vaksin pakai hasil
724,pingin vaksin tangan aing pegel seminggu gabisa bawa barang
725,infografik bapa kanak kanak menerima vaksin keputusan vaksinasi
726,mahal dok vaksin sakit mahal engga vaksin tahunan mehon
727,pemerintah kabupaten pesawaran menunggu pendistribusian vaksin penyakit mulut amp pmk hewan ternak kabup
728,babinsa kelurahan cepu melaksanakan pendampingan vaksin boster
729,raden wijaya mdy asmara nyata doi sales vaksin meracuni warga rokok didukung dana kampa mengalir
730,kemenkes berencana vaksin nakes
731,ng haha jodoh pergi vaksin pergi belanja piknik rumah
732,rokok egk takut vaksin
733,lelah banget ngurusin bermasalah vaksi nyeletuk vaksin
734,giat personil lantas memonitoring kedatangan vaksin estafet pengawalan dermaga gudang farmasi
735,luhut luhut kentutmu kaya gabah jt korbankan rakyat nkri curi vaksin
736,rencana mahu steril kucingku vaksin aman vaksin
737,punten info vaksin moderna gakya vaksin moderna dramaga makasih
738,babinsa kelurahan sidotopo melaksanakan kegiatan pendampingan vaksin wila payah koramil
739,dokter tifa vaksin alat segelintir manusia jahat khianat kaya
740,eit jodoh karna vaksin harun masiku harun masiku
741,terpaling pakar kesihatan pakai amp jarak sosial pecinta vaksin
742,mohon pastikan vaksin terdaftar airin
743,silahkan klaim sertifikat vaksin anak akun peduli lindungi orangtua berkendala disarank
744,giat kanit binmas aipda tarmadi monitoring giat vaksin masyarakat pangkalan laksanakan pusk
745,mohon info vaksin esok lepas tanggal merah elektrik
746,mahu dijual fre vaksin fre ongkir siw
747,vaksin habis dikontrol aplikasi barang wabah
748,nyetel lagu psmb allah kemaren beneran vaksin titan
749,kmrn bntuan ok kenaikan harga migor ribuan vaksin
750,habis vaksin bawaa mengantuk
751,sakit habis vaksin gmna wakawaka takut
752,setel vaksin vacination
753,proyek biologi wea bisnis vaksin
754,vaksin anak teruji terjamin keamana waspada provokasi kelompok kepentingan dukung kemaj
755,rhi kasun ndeso penemu teknologi mrna bahawa vaksin tidak
756,faktanya klaim salah vaksin mrna tidak menyebabkan selengkap cekfakta periksafakta
757,beredar narasi akun jakata bahawa vaksin menyebabkan anak
758,babinsa melaksanakan pendampingan vaksin boster
759,risiko tuntutan malpraktik penerima vaksin dokter vaksin mengemuka
760,dokter tifa lantas tubuh menerima perintah vaksin
761,faktanya klaim salah vaksin mrna penelitian dianjurkan kehamilan meningkatkan antib
762,salah vaksin mrna tidak direkomendasikan kehamilan beredar narasi akun thok
763,vaksin kesegaran wewangian jadwal
764,pekerjagigolo akibat vaksin segunung
765,bener aplikasi ferizy vaksin
766,foamwatchers ditempatku vaksin aman aman reaksi
767,vaksinasi dianjurkan hamil mencoba hamil hamil
768,mewaspadai provokasi kelompok kepentingan terkait penolakan vaksin dukung kemajuan nusantara
769,wakawaka klinik swasta vaksin msih ok kakak kuala lumpur puskeswan bayar sih
770,anga btw uas menolak vaksin mengharamka rokok singapur wakawaka
771,ayo vaksin mengurangi penyebaran
772,maksud vaksin kakak rb rb puskeswan
773,mentan syahrul yasin limpo mengakui tawaran vaksin pmk negeri indonesia
774,kcg lbh vaksin kcg ganti ksh kc
775,rokok vaksin terimakasih
776,vaksin dewasa kah
777,mpr aldo rilis bpom acuan argumen vaksin sinovac
778,haryanto profesor zubairi pecandu vaksin
779,ok aplikasi peduli lindungi vaksin
780,klinik rs vaksin dewasa
781,anak didiagnosa sakit divaksin sinovac mahu tanggung menkes
782,kasun ndeso suka baca komentar mengaku divaksin aman gp kena tiktok bahas vaksin
783,harta tahta prtma dibawah vaksin amp diatas wajib
784,mpr aldo dokter tifa ter bini gua setalah vaksin pfizer rekomendasi dokter penyakit rem
785,vaksin kakak daftar vaksin
786,profesor zubairi profesor promosi vaksin kah
787,mahu penjelasan ilmiah cacar kanker vaksin
788,indonesia berhasil menyediakan stok vaksin
789,anjing betina steril vaksin lengkap depok cibubur kasian diru
790,kesehatan tukul arwana disuntik vaksin nusantara
791,kucing vaksin kumplit nambah sanggup dok biaya
792,maman ars masuk blek tf blek kerekening nambah vaksin haha
793,khabar gembira pengguna vaksin pfizer dukung kemajuan nusantara
794,tf dinkes vaksin
795,mati kutu terjebak haram vaksin
796,vaksin sih malas takut suntik
797,bertebaran seputar vaksin dibasmi dukung kemajuan nusantara
798,vaksin metode menginfeksi scr artifisial dg injeksi utuh dg maksud
799,vaksin kena bilang untung du
800,info kisah nyata muda hamil amp vaksin minggu vaksin pergi dokter
801,pardede semenjak vaksin prtama istri sdah mngalami bengkak sprti bisul mngelu
802,kalao billgates pubya obat melawan vaksin mencegah cacar monyet tidak dijadikan narasu
803,kasun ndeso inti pertanyaa babi dibolehkan sekedar vaksin berkal
804,babinsa koramil pulau temiang bhabinkamtibmas razia kartu vaksin
805,mr alhamdulillah tidak efek samping alergi sebenar bukan vaksin obat
806,moots vaksin kah
807,kasun ndeso anggara sasih mr vaksin sinovac dikirim bul
808,sdf vaksin harga
809,sih mustahil indonesia muhajir vaksin kadalua dibilang aman
810,wajib vaksin ngga lumayan
811,leny tidak percaya vaksin anak anak khawatir dampak pertu
812,sdf klinik rs vaksin dewasa
813,oot klinik rs sby jogja vaksin dewasa
814,tibalah vaksin semoga efek samping pergi menambah vitalitas
815,iyan kh vaksin efek vaksin vaksin les lesan kek
816,woho kereta pakai donk vaksin
817,tim surveilans jawa bergerak menangani penyebaran pmk hewan ternak menunggu vaksin
818,gua mai santai saking santai ngaruh tebar pesona tebar ketakutan sales vaksin
819,polsek tabir kejar capaian vaksin puskesmas kota kecamatan tabir ilir
820,nakes pemerintah terbuat hati korban sekarat tidak peduli vaksin diwajibk
821,jenis nyerahin leher disuntik vaksin
822,rhi kasun ndeso haha otak vaksin vaksin prototipe
823,cabut mbak pkm cabut vaksin vaksinasi anak dengarkan
824,vaksin mengantuk meneh
825,vaksin tidak sangkut dukung kemajuan nusantara
826,zlkh suka ngata mahu vaksin dg tidak nurut ulama bener tunjukan
827,vaksin kepentingan bangsa kesehatan bangsa dukung kemajuan nusantara
828,gatau vaksin jamet diproduksi vel
829,hai anak wajib vaksin
830,kejar vaksin disediakan
831,vaksin pfizer didapati selamat kanak kanak
832,vaksin manfaat vaksin ayo vaksin dukung kemajuan nusantara
833,yahya waspadai vaksin vaksin aman dukung kemajuan nusantara
834,pemerintah menyediakan vaksin pemerintah berkomitmen menyediakan vaksin
835,kemenkes tegaskan vaksin sebabkan misterius tidak
836,koramil purworejo kodim purworejo polsek purworejo kota laksanakan serbuan vaksin teru
837,rokok cuman sertifikat vaksin
838,hoaks terkini seputar vaksin simak faktanya dukung kemajuan nusantara
839,habis vaksin minum cendol wakawaka
840,juta remaja lengkap vaksin
841,rizkya dhini vaksin dicek menyerang sel darah putih takutny
842,yl unjae rabiesan vaksin
843,dukung kemajuan nusantara berita menggembirakan studi terbaru menunjukan efektivitas vaksin
844,vaksin dok umur nyari yutup penjelasa beda
845,epidemiolog ugm pastikan hepatitus akut bukan vaksin dukung kemajuan nusantara
846,yahya hoaks vaksin sebabkan akut anak dukung kemajuan nusantara
847,bukan hasil vaksin dukung kemajuan nusantara
848,vaksin rendah terbukti aman
849,gaoao kuat vaksin maju lu jaemin
850,basira tidak berhubungan efek vaksin ngasal dukung kemajuan nusantara
851,tidak berhubungan efek vaksin ngasal dukung kemajuan nusantara
852,mahal syarat vaksin salah umur anabul gatau umur anabul
853,kasun ndeso darurat pisau nyembelih leher suntik vaksin koped ikhtiar pergi
854,sridiana va amualaikum universiti dok kikiro vaksin rubela aman tidak
855,sedih mahal bangat vaksin kcg mahu nyari murah
856,tanggal merah vaksin buka
857,percaya hoaks vaksin tidak kaitan akut misterius anak dukung kemajuan nusantara
858,pfizer suara dukung kemajuan nusantara dg tuntaskan vaksin gausah takut cupu bangat
859,ndrae vaksin cacar tetep kena cacar divaksin tbc tertular tbc
860,staycation gua mahu vaksin biar cus
861,basira suntik vaksin aman aman lawan hoaks dukung kemajuan nusantara
862,suntik vaksin aman aman lawan hoaks dukung kemajuan nusantara
863,maruk piter vaksin aman tubuh kebal dukung kemajuan nusantara
864,penerima vaksin tanggal mei
865,banyoe rhi kasun ndeso mantan menkes bikin penelitian vaksin ambyar
866,info vaksin hallo nawak ngerab mimin informasikan info vaksin ayo takut vaksi
867,maruk piter ayo vaksin dukung kemajuan nusantara
868,berita jatim jadwal lokasi vaksin surabaya mei infovaksin jadwalvaksin
869,pemerintah indonesia menyediakan vaksin dukung kemajuan nusantara
870,mudah percaya hoaks vaksin cek faktanya dukung kemajuan nusantara
871,kmrn ortu amp keluarga bilang divaksin kucing kuala lumpur sembuh
872,ahlu hukum vaksin tidak sebabkan akut
873,terima kasih vaksin pemerintah dukung kemajuan nusantara
874,vaksin terbukti efektif pemerintah longgarkan aturan penggunaan dukung kemajuan nusantara
875,wabah akut efek vaksin penjelasan ahli dukung kemajuan nusantara
876,hoaks belaka dipercaya vaksin bernbahaya
877,bukan vaksin dukung kemajuan nusantara
878,vaksin terbukti aman terjamin dukung kemajuan nusantara
879,epidemiolog ugm pastikan akut bukan vaksin dukung kemajuan nusantara
880,vaksin terbukti landaikan pandemi cvid dukung kemajuan nusantara
881,yahya dukung kemajuan nusantara hoaks vaksin penyebab akut
882,jiun dokter tifa vaksin
883,vaksin mayan kerasa sakit bekas suntik vaksin sinovac mai kaga kerasa wakawaka
884,kab bantaeng melaksanakan giat sambang amp himbauan vaksin kel banyorang kec tompobu
885,dokter tifa kiblatku memutuskan vaksin rezim dokcan mantan menkes sf
886,vaksin masi ok ok gatau
887,vaksin masak dijemput diajak muter maem wakawaka
888,ulaay mahu gardasil rumah vaksin biaya
889,vaksin gua bantu
890,sridiana va pekerjagigolo ok dokter vaksin cemas bolak
891,pakar bukan vaksin dukung kemajuan nusantara
892,partono djem vaksin wisma
893,masuk jerman wajib bawa bukti vaksin tes berlaku juni
894,smg cepat tidak sakit alhamdulillah berasa macem vaksin
895,dokter ui akut anak bukan vaksin dukung kemajuan nusantara
896,kaya kuala lumpur habis vaksin
897,nadia bahari aman rokok vaksin dukung kemajuan nusantara
898,alhamdulillah lancar pcr vaksin ful tinggal
899,adrian riksa metode vaksin tidak durab hrs pengulangan pengalaman gweh divaksin tbc
900,nadia bahari vaksin kakak dukung kemajuan nusantara
901,pemerintah menyediakan vaksin dukung kemajuan nusantara
902,mengkaget ampuun smp cari anak mahu vaksin umur
903,vaksin ditanyain
904,setauku sih vaksin cmiw
905,akut anak bukan vaksin dukung kemajuan nusantara
906,kemenkes tegaskan stok vaksin sinovac aman dukung kemajuan nusantara
907,berngkt vaksin mh gatau mh yudh ayo mh ayo lepas mahu berngkt
908,ayo durung vaksin rek langsung cek lokasine
909,dukung kemajuan nusantara waspada hoaks vaksin
910,iri sertifikat vaksin ketiga divaksin aneh tidak diadili wakawaka
911,dukung kemajuan nusantara dukung vaksin aman terjamin
912,dukung kemajuan nusantara hoaks vaksin sebabkan
913,beranggapan vaksin kucing anjing mahal tidak vaksin
914,dukung kemajuan nusantara waspada hoaks vaksin vaksin aman teruji
915,lepas mahu cetak tiket stasiun keterangan vaksin ntar pri
916,ayo vaksin ayopakaimasker ayovaks ncovid bersamalawancorona adaptasikebiasaanbaru
917,wajib vaksin lengkap calon jamaah haji batal pergi fintech
918,vaksin kucingku nimbrung sharing kucingku jarang sakit
919,bikin skck syarat vaksin busetdah langsung meriang gua
920,waspadai penyebaran hoaks terkait akut anak disebabkan vaksin vaksin tidak
921,daerah mba bidan praktek vaksin mba bidan murah dibanding dsa
922,jan macem brodi vaksin
923,dok panduan vaksin kucing bebas diliat dmn maaf msh awam
924,naudzubillah dzalik semoga saudara followerku vaksin tidak mengalami efek samping sepe
925,vaksin tidak sebabkan akut dukung kemajuan nusantara
926,biaya berobat sakit mahal vaksin selamat vaksin gt
927,asgar guys vaksin garkot
928,naudzubillah dzalik semoga saudara followerku vaksin tidak mengalami efek sampin
929,penyebab akut diteliti bukan vaksin dukung kemajuan nusantara
930,fes kaya ngga deh vaksin
931,endemi vaksin dukung kemajuan nusantara
932,wabah akut efek vaksin dukung kemajuan nusantara
933,ayo vaksin patuhi protokol kesehatan bersamacegahcovid disiplincegahcorona
934,vaksin kejap kejap menit selesai
935,waspadai hoaks seputar vaksin dukung kemajuan nusantara
936,kasun ndeso vaksin kopit darurat rokok bukti alat tes sembu
937,citilink mahu chek sertifikat vaksin ditunjukan aplikasi pedulilindungi
938,vaksin keberapa
939,bangeet vaksin kemaren nungguin pfiz availab berbulan lepas
940,kitkit vaksin gemesh banget
941,vaksin teruji terjamin keamana tidak takut dukung kemajuan nusantara
942,vaksin lupa menerapkan protokol kesehatan memutuskan penyebaran
943,jijik ogah tertular kebodohanya meramu barang haram tubuh beneran vaksin cairan haram
944,babaali plandemit keluarga mati efek vaksin
945,vaksin anak aman dukung kemajuan nusantara
946,biar beda seenggak vaksin haha
947,vaksin aman dukung kemajuan nusantara
948,dukung kemajuan nusantara vaksin aman terjamin
949,fakta terpaksa vaksin birokrasi
950,dukung kemajuan nusantara kombinasi vaksin meningkatkan efektifitas
951,ih berani berngkt vaksin
952,yahya wabah akut efek vaksin penjelasan ahli dukung kemajuan nusantara
953,khofifah batal haji vaksin lengkap jatim beritajatim
954,vikaci info vaksin penyebab pastikan dukung kemajuan nusantara
955,vaksin aman ayo vaksin dukung kemajuan nusantara
956,giona selian cekfakta vaksin anak
957,info pinjaman senang jaminane sertifikat vaksin
958,sitoha vaksin anak perlindungan
959,ayo vaksin patuhi prokes kehidupan sehari mencegah penularan
960,lemah letih amp lesu efek vaksin efek ditinggal
961,kipi pasca vaksin nakes amp pemerintah terkesan pura buta amp tuli terbukti tidak
962,sih penyebab bukan vaksin dukung kemajuan nusantara
963,vaksin terbukti tekan penyebaran
964,beneran vaksin
965,dukung kemajuan nusantara akut anak bukan vaksin
966,anak bukan vaksin dukung kemajuan nusantara
967,dukung kemajuan nusantara kaitkan vaksin
968,rokok suntikan vaksin sakit kerasa sih
969,vaksin cacar efektif cegah penularan cacar monyet penjelasan kemenkes
970,vaksin dukung kemajuan nusantara
971,habis vaksin mai rumah gua
972,telisik tidak kaitanya vaksin dukung kemajuan nusantara
973,dukung kemajuan nusantara epidemiolog ugm pastikan akut bukan vaksin
974,februari fitri pdn vaksin diwajibkan melampirkan hasil pcr ok
975,salah vaksin mrna tidak direkomendasikan kehamilan beredar narasi akun
976,renonegoro tidak hubungan vaksin
977,nonton npf mama moal vaksin teh siga hayam haha
978,dukung kemajuan nusantara bukan vaksin
979,epidemiolog ugm pastikan misterius anak terkait vaksin dukung kemajuan nusantara
980,terorisme layak vaksin memberantas
981,eka skema ponzi vaksin tes peli sehat dinyatakan sakit
982,giat monitoring vaksin rangka mempercepat imunity mencegah resiko penula
983,monitoring giat vaksin warga masyarakat wila payah kelurahan bojong menteng humaspolri
984,prabu digudang rumah menamoung ribuan semut vaksin biar nular
985,mari vaksin dukung kemajuan nusantara
986,musim investasi ngurus investasi musim kopit ngurus kopit musim vaksin ngurus vaksin musim minyak goreng
987,sertif vaksin sarung tangan kacamata inimah ngga kepake kacamatanya sanitizer
988,renonegoro khawatir vaksin aman rokok
989,tidak kaitanya vaksin dukung kemajuan nusantara
990,alay lawan hoaks terkait vaksin dukung kemajuan nusantara
991,vaksin kian stok tidak khawatir dukung kemajuan nusantara
992,pendampingan vaksin puskesmas karimunjawa
993,nephi laxmus wajib vaksin peluru kalik
994,alay vaksin aman dukung kemajuan nusantara
995,ngambil formulir vaksin kaya berebut mic
996,gokar techno esok vaksin
997,pf info vaksin daerah cakung penggilingan
998,terbukti vaksin naikin imun bukan nambah penyakit dukung kemajuan nusantara
999,sidang komisi unescap presiden kesetaraan akses vaksin asia pasifik jokowi vaksin unescap
1000,vaksin sebabkan penjelasan ahli dukung kemajuan nusantara
1001,ilatulaini mb vaksin mengecilkan perlahan mati
1002,margareth saalam vaksin astra zeneca diklaim manjur tingkatkan respons imun dukung kemajuan nusantara
1003,mentimoen kemaren ngrbahas kandungan chadox vaksin az
1004,basira pakar bukan vaksin dukung kemajuan nusantara
1005,basira ahli kesehatan terkait wabah akut efek vaksin
1006,khabar vaksin merah putih
1007,alfaone vaksin aman dukung kemajuan nusantara
1008,dokter tifa terkandung vaksin kekayaan intelektual lucu seharus merilis
1009,tetep nekat jalan jalan isi dompet ktp kartu vaksin
1010,habis vaksin buka istirahat pergi bukit esok langsung tepar deh
1011,takut vaksin tidak mantap dukung kemajuan nusantara
1012,nganter abang vaksin sekolah
1013,dukung vaksin tcf dana rp
1014,takut vaksin gt
1015,vaksin chandrabhaga bekasitizen lupa bawa fotocopy ktp
1016,dokter tifa pokok permasalahanya narasi beredar vaksin aman tubuh menecegah keparahan dl
1017,bersatu buton iyalah masak dikait kaitkan vaksin dukung kemajuan nusantara
1018,hasbullah ingatkan masyarakat reses disuntik vaksin mudik
1019,noeriz vaksin sebabkan dukung kemajuan nusantara
1020,andrianviral vaksin dukung kemajuan nusantara
1021,semoga tukul lekas sembuh vaksin nusantara terapi cuci otak bpk terawan
1022,vaksin amp vaksin vaksin tahunan setah
1023,mamongki fes vaksin umur masuk kucing
1024,andrianviral waspada hoaks vaksin dukung kemajuan nusantara
1025,stok vaksin sinovac aman dukung kemajuan nusantara
1026,mitos vaksin dukung kemajuan nusantara
1027,kaitanya vaksin dukung kemajuan nusantara
1028,ayo vaksin tanah papua terbebas belenggu ayo dukung otsus papua indonesia
1029,alay dukung kemajuan nusantara vaksin keke tubuh meningkat
1030,ayo vaksinasi meningkatkan daya tahan tubuh vaksin lupa
1031,renonegoro dukung kemajuan nusantara vaksin pemerintah dijamin keamana
1032,inalillahi nekad rezim langgar keputusan hukum mama larang vaksin berbahan haram jadwal bian
1033,bersatu buton bukan vaksin takut tidak aman dukung kemajuan nusantara
1034,vaksin aman tidak memicu akut anak dukung kemajuan nusantara
1035,takut vaksin
1036,lawan vaksin
1037,semangat antri vaksin
1038,habis vaksin awas
1039,urutan penerima vaksin tenaga kesehatan profesi rawan
1040,hoaks bertebaran seputar vaksin waspada dukung kemajuan nusantara
1041,penjelasan ahli wabah akut efek vaksin dukung kemajuan nusantara
1042,adict samarinda tanggal vaksin scp
1043,erilwakwaw ayo anak vaksin mari lakukan vaksin kesehatan anak dukung kemajuan nusantara
1044,java jaz wajib vaksin
1045,profesor zubairi vaksin dibutuhkan profesor ok mahu resiko berkurang musti vaksin
1046,iwan marzuki vaksin indonesia terdaftar aman dukung kemajuan nusantara
1047,margareth saalam provinsi intens skenario penyuntikan vaksin tujua vaksinasi coron
1048,gerai vaksin polsek jl halim perdana kusuma jurumudi rabu melayani vaksinasi
1049,kidos musti nyisihin banget vaksin diruma
1050,kaget mama vaksin diabet vaksin ketular teme
1051,edward prasasta dukung kemajuan nusantara vaksin aman
1052,vaksin gua selesai efek
1053,reza ichsan vaksin wakawaka
1054,jum penerima vaksin mencapai juta selasa provinsi terbany
1055,sitoha dukung kemajuan nusantara bukan berasal vaksin
1056,pakar kesehatan bukan vaksin dukung kemajuan nusantara
1057,jum penerima vaksin mencapai juta selasa provinsi
1058,memudahkan masyarakat keluhan khusus sertifikat vaksin vaksin
1059,ful vaksin karantina pcr
1060,juita asma pakar kesehatan bukan vaksin dukung kemajuan nusantara
1061,bertebaran seputar vaksin dukung kemajuan nusantara
1062,pemerintah optimalkan menyediakan vaksin dukung kemajuan nusantara
1063,mudah percaya vaksin cek faktanya dukung kemajuan nusantara
1064,margareth saalam sedar bukan vaksin dukung kemajuan nusantara
1065,pendampingan kegiatan vaksin
1066,alay dukung kemajuan nusantara kaitanya vaksin
1067,margareth saalam bukan vaksin konteks mai dukung kemajuan nusantara
1068,chelseafan indonesia chelsea fc lupa kartu vaksin
1069,akut bukan vaksin waspada hoaks beredar ayo dukung kemajuan nusantara
1070,dibaca kawan tidak hubungan vaksin dukung kemajuan nusantara
1071,syarat vaksin rokok isi singapore arival gaperlu pcr gaperlu karantina
1072,sumpah enak ngisi pekerjaan vaksin etc bingung pelajar ud
1073,persen kemugkinan vaksin berbayar indonesia perusahaan
1074,alay vaksin aman bukan penyebab dukung kemajuan nusantara
1075,lho vaksin steril haha
1076,baehaqi zulham dukung kemajuan nusantara bukan berasal vaksin
1077,alay dukung kemajuan nusantara vaksin terbukti mencegah penularan
1078,ajak warga dinkes dki jakarta vaksin teruji bermanfaat dukung kemajuan nusantara
1079,renj vaksin
1080,vaksin aman teruji dukung kemajuan nusantara
1081,fes kucing sbl vaksin
1082,renonegoro pakai vaksin jenis dukung kemajuan nusantara
1083,habis vaksin keluhan
1084,habis vaksin pengen seharian
1085,capaian vaksin diatas garut turun
1086,mahal sih mahal alhamdulillah kucingku vaksin lengkap
1087,lu vaksin dibikin
1088,syukur syarat gausah vaksin
1089,nder habis makan istirahat karna bsk pusing seharian vaksin
1090,hubungan vaksin dukung kemajuan nusantara
1091,vaksin anak menyebabkan hati hati dukung kemajuan nusantara
1092,layari laman senarai pv menawarkan vaksin kids lindung
1093,ptn guys utbk upn jakarta tunjukin sertif vaksin kah makasi
1094,vaksin wajib menunjukan hasil negatif retweet pcr
1095,selamat pagi kakak calon penumpang kota vaksin ketiga tida
1096,bapa bapa divaksin vaksin bersatu lawan jaga prokes nvaksin
1097,andrianviral awas provokatasi disebabkan vaksin anak hoaks dukung kemajuan nusantara
1098,renonegoro vaksin tidak berkaitan penyakit dukung kemajuan nusantara
1099,peduli lindungi rokok tiket otomatis tertera vaksin ud
1100,renonegoro prokes longgar vaksin lupa dukung kemajuan nusantara
1101,mahal dok vaksin rb
1102,tidak vaksin kena
1103,individu vaksin daerah negara imunity tercapai
1104,renonegoro vaksin aman dukung kemajuan nusantara
1105,mahu banget anak anak vaksin ortu gamau pergi
1106,jadwal berangkat haji lupa vaksin lawan pandemi jokowi kawal
1107,plandemit vaksin takut efek berbahaya tubuh keke alami
1108,erwan vaksin wajib menunjukan hasil negatif retweet pcr
1109,erwan selamat pagi kakak calon penumpang kota vaksin ketiga tidak wajib
1110,kegunaan vaksin upaya pengembalian imunitas tubuh proteksi klinis menurun
1111,ayo vaksin polsek singkawang selatan polres singkawang menyelenggarakan vaksin kegiatan gawai dayak
1112,percaya vaksin berbahaya
1113,renonegoro vaksin tidak kaitanya dukung kemajuan nusantara
1114,memilih sehat segar vaksin tubuh manusia rusak perlahan
1115,mr bugs avp ok gua ngerasa asar vaksin pagi pertana lbawaa laper habis makan muntah
1116,andrianviral vaksin pemerintah aman teruji dukung kemajuan nusantara
1117,pergi vaksin edy ngam putih ngam ok adik
1118,baca replya ngeluh mahal vaksin dibawa puskeswan murah
1119,kemenkes terkait vaksin dukung kemajuan nusantara
1120,avp juni kena nafas sisa alhamdulillah bebas melewati september vaksin sinovac ms
1121,akut bukan vaksin dukung kemajuan nusantara
1122,dokter tifa negara vaksin hamil biar serempak indonesia
1123,selamat pagi kakak perjalanan jarak penumpang vaksin
1124,waspadai hoaks amp kelompok provokasi terkait penolakan vaksin vaksin teruji aman amp dukung kemajuan nus
1125,vaksin bersertifikat jaga prokes nvaksin indonesia sehat indonesia hebat bersatu lawan negeri pulih vaksin
1126,ayo laksanakan vaksinasi vaksin bersertifikat jaga prokes nvaksin indonesia sehat indonesia hebat
1127,ortu gua rokok nyokap vaksin berani rs nemenin eyang rumah bokap gu
1128,wajib bawa bukti vaksin arti
1129,hebat sampeyan vaksin
1130,kunjungan peninjauan vaksin peninjauan layanan dukcapil peninjauan lokasi pembangunan ru
1131,bismilah maju jen takut vaksin
1132,waspadai hoaks amp kelompok provokasi terkait penolakan vaksin vaksin teruji aman amp
1133,masinton haha ok beli migor murah mesti migor jalan vaksin jalan
1134,efek vaksin menyebabkan dukung kemajuan nusantara
1135,vaksin teruji amp terjamin aman sertifikasi mui tidak kaitan akut
1136,berita terbaru sinergitas sulut pacu capaian vaksinasi vaksin
1137,kekumpul dok karna vaksin mahal kucing buka mahu
1138,dokter pakar ahli pemerintah kemenkes vaksin tidak berkaitan deng
1139,vaksin teruji amp terjamin aman sertifikasi mui tidak kaitan akut dukung kemajuan
1140,vaksin hubungan akut dukung kemajuan nusantara
1141,dukung kemajuan nusantara ayo vaksin
1142,dukung kemajuan nusantara bukan berasal vaksin
1143,ketua komnas terancam dipolisikan gegara pemerintah hentikan vaksin anak dukung kemajuan nusantara
1144,vaksin aman manfaat dukung kemajuan nusantara
1145,sakit lepas vaksin ketiga kerasa lepas disuntik
1146,buz dateng vaksin
1147,vaksin nribun elah wakawaka
1148,pakar ahli bahawa vaksin tidak hubungan misterius guys
1149,pertubuhan kesihatan sedunia mengenalpasti penolakan vaksin salah ancaman kesihatan bers
1150,siregar minyak goreng vaksin biar harga stabil
1151,pandu lesmana ajak warga dinkes dki jakarta vaksin teruji bermanfaat dukung kemajuan nusantara
1152,renonegoro vaksin tidak kaitanya akut dukung kemajuan nusantara
1153,alasa mahal dok kucing vaksin vaksin
1154,alhamdulillah kucing vaksing mahu ganti buku vaksin penuh yey
1155,vaksin sinyal ntek
1156,tarikh pemberian vaksin kanak kanak menerusi kids mei awan inews
1157,gua ngulang vaksin wakawaka
1158,bab vaksin remidi bab hati haha nb vaksin ulang jarak kya
1159,vaksin kota pekanbaru mencapai persen langkah pemko selanjut
1160,foamwatchers beruntung vaksin
1161,diniaja dukung kemajuan nusantara bukan berasal vaksin
1162,sidang komisi unescap presiden kesetaraan akses vaksin asia pasifik jokowi vaksin
1163,diniaja dukung kemajuan nusantara vaksin aman
1164,pegel vaksin
1165,vaksin lengan pegel masak simpel mondar mandir turun
1166,renonegoro yuk vaksin vaksin teruji bermanfaat dukung kemajuan nusantara
1167,renonegoro vaksin teruji dukung kemajuan nusantara
1168,vaksin dok pandemi lahiran
1169,juita asma epidemiolog akut bukan vaksin dukung kemajuan nusantara
1170,mr bugs avp weh gua mai abang habis vaksin
1171,memudahkan masyarakat keluhan khusus sertifikat vaksin
1172,vaksin aman percaya dukung kemajuan nusantara
1173,vaksin menangkal bukan sebalik dukung kemajuan nusantara
1174,kemenkes stok vaksin teruji aman dukung kemajuan nusantara
1175,vaksin kesehatan
1176,pemerintah berupaya optimalkan menyediakan vaksin dukung kemajuan nusantara
1177,renonegoro vaksin tidak berhubungan dukung kemajuan nusantara
1178,diniaja waspadai akut anak bukan vaksin dukung kemajuan nusantara
1179,efek vaksin pengen hibernasi melulu
1180,habis vaksin beneran ngefek bangat dibadan
1181,sebenar wajar masyarakat awam menyalahkan vaksin pakar kedokteran seca
1182,sertif vaksin salah peduli lindungi tetep salah makasi
1183,andrianviral dukung kemajuan nusantara bukan berasal vaksin
1184,vaksin gaul
1185,andrianviral vaksin aman bermanfaat dukung kemajuan nusantara
1186,vaksin syarat kereta jarak
1187,sebenar wajar masyarakat awam menyalahkan vaksin pakar kedokteran
1188,ditemukan akut disebabkan vaksin dukung kemajuan nusantara
1189,sharelok penitipan kendaraan inap mahu anak vaksin
1190,avp mbak vaksin az
1191,andrianviral dukung kemajuan nusantara tertipu vaksin
1192,erilwakwaw akut anak bukan akibat vaksin dukung kemajuan nusantara
1193,avp vaksin
1194,vaksin barengan pacar kesalahan layu layu ngerumat wakawaka
1195,iwan marzuki vaksin aman dukung kemajuan nusantara
1196,habis vaksin lngsung tepar
1197,jerman memesan vaksin cegah penyebaran cacar monyet
1198,babinsa ds pandeyan melaksanakan koordinasi puskesmas pelaksanaan vaksin laksanaka
1199,vaksin aman sehat dukung kemajuan nusantara
1200,pemerintah menyediakan vaksin aman gaes dukung kemajuan nusantara
1201,jubir kemenkes mohamad syahril penggunaan vaksin khusus cacar monyet kewenangan
1202,geng antivak kaitkan monkeypox kena cucuk vaksin
1203,renonegoro tidak kaitanya vaksin dukung kemajuan nusantara
1204,bukti menunjukan hubungan vaksin akut vaksin
1205,jos dukung kemajuan nusantara vaksin lengkap lepas
1206,erilwakwaw dukung kemajuan nusantara bukan berasal vaksin
1207,mayang aceng vaksin aman terintegrasi berkat sdvc dukung kemajuan nusantara
1208,sebaran hoaks seputar vaksin sentuh beredar sosial jejaring facebook dukung
1209,booste vaksin astra zeneca diklaim manjur tingkatkan respons imun dukung kemajuan nusantara
1210,info pemerintah menyediakan vaksin pemerintah berkomitmen menyediakan vaksin mama
1211,vaksin ketar ketir
1212,habis vaksin pengen fucksin deh
1213,dukung percepatan vaksin babinsa dampingi warga vaksinasi
1214,noeriz dukung kemajuan nusantara waspada seputar vaksin
1215,vaksin aman
1216,andrianviral bukan disebabkan vaksin
1217,tertipu hoaks vaksin dukung kemajuan nusantara
1218,akut tidak hubungan vaksin dukung kemajuan nusantara
1219,percaya hoaks bertebaran seputar vaksin dukung kemajuan nusantara
1220,andrianviral vaksin aman nyinyir bilang efek
1221,divaksinasi mengalami tidak vaksin dukung kemajuan nusant
1222,renonegoro yuk vaksin vaksin aman dukung kemajuan nusantara
1223,dukunglah pemerintah sediakan vaksin dukung kemajuan nusantara
1224,ugm fes daftar vaksin sardjito gimana gais
1225,vaksin aman ragu dukung kemajuan nusantara
1226,vaksin terjamin disertifikasi mui dukung kemajuan nusantara
1227,juita asma dukung kemajuan nusantara tidak menyebarkan pesan hoaks vaksin
1228,mudah percaya hoaks vaksin cek fakta sebenar dukung kemajuan nusantara
1229,sebaran hoaks seputar vaksin dukung kemajuan nusantara
1230,vaksin hubungan dukung kemajuan nusantara
1231,berita terkini katongnt com pemerintah indonesia menargetkan produksi vaksin penyakit mulut pmk
1232,lupa guys webinar meninjau vaksinasi transisi pandemi endemi
1233,kereta wajib vaksin jaga prokes vaksin
1234,vaksin tubuh rokok jaga prokes vaksin
1235,waspada hoaks vaksin dukung kemajuan nusantara
1236,anak sakit bukan vaksin ngaco dukung kemajuan nusantara
1237,renonegoro sejati vaksin teruji amana dukung kemajuan nusantara
1238,gituya akut tidak hubungan vaksin dukung kemajuan nusantara
1239,hy habis vaksin
1240,optimalkan menyediakan vaksin dukung kemajuan nusantara
1241,renonegoro ragu vaksin dukung kemajuan nusantara
1242,tanggal lu vaksin
1243,syukur penghuni selter kota jogja nol vaksin capai persen beritajogja
1244,dukung kemajuan nusantara wabah akut efek vaksin penjelasan ahli
1245,tarikh pemberian vaksin kanak kanak menerusi kids mei
1246,firlana ninda vaksin dukung kemajuan nusantara
1247,dukung kemajuan nusantara hoaks terkini seputar vaksin simak faktanya
1248,vaksin umat dukung kemajuan nusantara
1249,vaksin berlaku daftar kerja
1250,butiran debu akut bukan vaksin
1251,info vaksin magelang
1252,pedulilindungi vaksin sempet hasil
1253,percaya hoaks vaksin dukung kemajuan nusantara
1254,iwan marzuki mudah percaya hoaks vaksin cek faktanya dukung kemajuan nusantara
1255,bapa amp kemenkes khabar vaksin merah putih nikh rakyat php
1256,renonegoro vaksin tidak hubungan akut dukung kemajuan nusantara
1257,monkan masuk pergi jenis percaya doktor vaksin lepas salah
1258,vaksin dukung kemajuan nusantara berita kaya ngaco
1259,blackrock pemegang saham terbesar bavarian nordic memproduksi vaksin jyneos monkeyp
1260,vaksin aman terintegrasi berkat sdvc dukung kemajuan nusantara
1261,pelonggaran aturan waspada vaksin transisi pandemi endemi
1262,akselerasi vaksinasi pemerataan rasio vaksin ketiga
1263,ery oj pengobatan alternatif bongkar kandungan vaksin
1264,mayang aceng hoaks bertebaran seputar vaksin dukung kemajuan nusantara
1265,pengobatan alternatif bongkar kandungan vaksin
1266,renonegoro yuk vaksin vaksin perlahan endemi dukung kemajuan nusantara
1267,bpom memperpanjang kadalua vaksin ditetapkan pabrikan bpom kejahatan
1268,diane varela vaksin buku pelajaran suci
1269,margareth saalam vaksin mudah percaya dukung kemajuan nusantara
1270,co nek habis vaksin mam
1271,margareth saalam vaksin aman vaksin dukung kemajuan nusantara
1272,nangis bangat tangan gua sakit gegara habis vaksin
1273,vaksin tidak sebabkan misterius dukung kemajuan nusantara
1274,renonegoro vaksin teruji bermanfaat dukung kemajuan nusantara
1275,pakai vaksin negeri impor mahal daftar efek samping mengerikan
1276,noeriz vaksin aman dukung kemajuan nusantara
1277,renonegoro bukan vaksin dukung kemajuan nusantara
1278,maruk piter ayo vaksin indonesia bebas dukung kemajuan nusantara
1279,satset vaksin milih alhamdulillah
1280,vaksin dadakan wakawaka paripurna
1281,bhabinkamtibmas polsek pringkuku melaksanakan sambang desa koordinasi pelaksanaan vaksin desa sugihw
1282,margareth saalam akut bukan vaksin dukung kemajuan nusantara
1283,vaksin disiapkan pemerintah teruji dukung kemajuan nusantara
1284,penyediaan vaksin aman vaksin mengatasi ganas dukung kemajuan nusantara
1285,ahmad dedat cie ulama setuju vaksin rokok bebas singapore vaksin haha kampret
1286,chelseafan indonesia chelsea fc lupa bukti vaksin npwp bpjs skck bebas miskin
1287,kegiatan vaksinasi yuk vaksin dateng puskesmas pendaftaran dulur
1288,vaksin mrna vektor adenovirus menyebabkan kipi salah akut
1289,feni jkt ngasih ntar vaksin diributin dikecam polisi pakai baju naru
1290,vaksin dibagikan pemerintah aman dukung kemajuan nusantara
1291,bener nini vaksin aman tidak kendala mudah ketiga aman barusan dikasih
1292,tidak hubungan vaksin dukung kemajuan nusantara
1293,renonegoro khabar grmbira pengguna vaksin sinovac dukung kemajuan nusantara
1294,waspada vaksin beredar dukung kemajuan nusantara
1295,dejama haha pilih salah mahu bisnis wisata bisnis vaksin wakawaka bisnis vaksin resiko wisata mampet
1296,renonegoro khawatir vaksin terbukti bermanfaat dukung kemajuan nusantara
1297,suapan vaksin pfizer dukung kemajuan nusantara
1298,efektivitas vaksin dukung kemajuan nusantara
1299,ayo vaksin dukung kemajuan nusantara
1300,juita asma dukung kemajuan nusantara bukan berasal vaksin
1301,vaksin dibagikan dukung kemajuan nusantara
1302,kemenkes tegaskan vaksin sebabkan misterius tidak dukung kemajuan nusantara
1303,percaya ilmuwan bukan vaksin takut vaksin guys dukung kemajuan nusantara
1304,sumpah habis vaksin langsung esok mahu berangkat jogja
1305,lepas vaksin lepas cuy dukung kemajuan nusantara
1306,gubernur khofifah vaksin diperoleh puskesmas terdekat cjh disuntik vaksin
1307,masyarakat gamau vaksin faktor utama masyarakat sih
1308,cek fakta vaksin mrna tidak direkomendasikan kehamilan cekfakta
1309,alay vaksin aman termakan hoaks dukung kemajuan nusantara
1310,vaksin aman indonesia sehat dukung kemajuan nusantara
1311,akut anak tidak hubungan vaksin dukung kemajuan nusantara
1312,bener nini vaksin aman tidak kendala mudah ketiga aman barusan
1313,kejadian dihubungkan vaksin tidak dukung kemajuan nusantara
1314,mui vaksin tes puasa
1315,vaksin melindungi
1316,kompak vaksin
1317,sakit bangat habis vaksin
1318,monggo sekira vaksin gabung terlepas aturan wajib vaksin nonton vaksin
1319,dokter tifa nakes wakanda disuntik vaksin beneran
1320,sejuta kanak kanak lengkap divaksin vaksin kids
1321,peratus kanak kanak berusia lengkap divaksin kids
1322,tertipu hoaks terkait vaksin dukung kemajuan nusantara
1323,jadwal kartu peserta kartu vaksin karna peduli lindungi kek cadangan
1324,tanggung menolak vaksin menyadari konsekwensi kuhad
1325,habis vaksin dikasih obat nini
1326,avp anjuran vaksin langsung antri efek lemes sarapan
1327,rscm pastikan tidak kaitanya vaksin dukung kemajuan nusantara
1328,renonegoro vaksin sebabkan misterius tidak kawan dukung kemajuan nusantara
1329,dukung kemajuan nusantara wabah akut bukan vaksin
1330,vaksin anak teruji terjamin keamana dukung kemajuan nusantara
1331,mewaspadai provokasi tolak vaksin vaksin dipilih pemerintah teruji terjami
1332,sertif vaksin nomer kuambil sih dijeda
1333,langsung bilang ngurus sertif vaksi nder kelama
1334,vaksin berbahaya tidak aman manusia infrastruktur bukti nyata
1335,kemenkes vaksin cacar efektif menangkal risiko penularan cacar monyet monkan
1336,gua vaksin barusan sertif gua vaksin vaksin beneri
1337,epidemiolog ugm pastikan akut bukan disebabkan vaksin dukung kemajuan nusantara
1338,pakar kesehatan akut anak bukan akibat vaksin dukung kemajuan nus
1339,kasun ndeso vaers tersedia ungkapkan bhw suntikan vaksin
1340,renonegoro waspada vaksinasi vaksin aman guys dukung kemajuan nusantara
1341,renonegoro vaksin ampuh tangkal penyebaran dukung kemajuan nusantara
1342,vaksin aman ragu vaksin dukung kemajuan nusantara
1343,merestart penyakit mesti vaksin
1344,vaksin biar kena
1345,vaksin tidak kena
1346,lebaran vaksin digencarkan
1347,dilakuka vaksin masyarakat kebal menghadapi varian
1348,alhamdulillah uda vaksin
1349,dukung kemajuan nusantara seputar vaksin beredar masyarakat isu tidak
1350,dukung kemajuan nusantara cek faktanya tidak mudah terpengaruh hoaks vaksin
1351,mjb tidak vaksin masuk
1352,gubernur khofifah menghimbau cjh jawa timur vaksin komplit mohon mengikuti vaksin
1353,vaksin protokol kesehatan solusi lindungi
1354,ayo vaksin
1355,percaya vaksin konspirasi
1356,semenjak vaksin daya tahan tubuh menurun vaksin gapernah bapil
1357,vaksin penyebab vaksin aman dukung kemajuan nusantara
1358,info vaksin penyebab pastikan dukung kemajuan nusantata
1359,vaksin ketiga kerasa bangat payah jarum
1360,lupa vaksin kakak obat kasih sayang penuh kasih makanan ter kakak mamp
1361,jadwal vaksin rabu mei pendaftaran lokasi wajib membawa ktp khusus
1362,lengah vaksin walu lepas dukung kemajuan nusantara
1363,vaksin anak teruji terjamin keamana dukung kemajuan ikan
1364,mewaspadai provokasi kelompok kepentingan terkait penolakan vaksin dukung kemajuan ikan
1365,vaksin dinyatakan aman teruji klinis dukung kemajuan nusantara
1366,posyandu gabisa vaksin teh tempatku vaksin wajib puskesmas posyandu kecuali bcg jadwal puskes
1367,akut bukan vaksin gaes dukung kemajuan nusantara
1368,akut bukan efek vaksin dukung kemajuan nusantara
1369,pemerintah kota surabaya menyediakan vaksin kecamatan jadwa
1370,vaksin tidak memicu dukung kemajuan nusantara
1371,keefektifan vaksin sinovac dibooster jenis vaksin dukung kemajuan nusantara
1372,akut tidak kaitanya vaksin dukung kemajuan nusantara
1373,hoaks seputar vaksin menyesatkan dukung kemajuan nusantara
1374,vaksin tidak kaitanya vaksin dinyatakan aman dukung kemajuan
1375,vaksin sebabkan akut dukung kemajuan nusantara
1376,pakar tegaskan bukan disebabkan vaksin dukung kemajuan nusantara
1377,demam vaksin pertanda antibodi tubuh membentuk imunitas menghadapi penyakit
1378,ajak warga dinkes dki jakarta vaksin teruji bermanfaat dukung kemajuan nusantara baca disi
1379,sejuta kanak kanak lengkap divaksin kanak kanak berusia negara
1380,stok vaksin aman dukung kemajuan nusantara
1381,vaksin aman terintegrasi berkat sdvc dukung kemajuan nusantara baca
1382,akselerasi vaksinasi pemerataan rasio vaksin ketiga booste
1383,vaksin aman dukung kemajuan nusantara pemerintah vaksin
1384,waspadai hoaks bertebaran seputar vaksin dukung kemajuan nusantara
1385,pakai nyiyir vaksin mahu cina disuruh gamudik
1386,ahli kesehatan terkait wabah akut efek vaksin dukung kema
1387,akut apada anak bukan vaksin dukung kemajuan nusantara
1388,tertipu vaksin vaksin faktanya mencegah muncul varian dukung kem
1389,efek bandingkan vaksin
1390,tertipu vaksin dukung kemajuan nusantara
1391,victoria lonita deh ambil vaksin ngga
1392,jahatin bertiga maju gua tidak takut gua allah vaksin sayang
1393,vaksin aman ayo vaksinasi cegah penularan dukung kemajuan nusantara
1394,vaksin polsek cikarang barat polres metro bekasi laksanakan vaksinasi kantor polsek cikarang
1395,divaksinasi mengalami tidak vaksin dukung kemajuan nus
1396,lawan hoaks terkait hoaks vaksin sebabkan akut anak vaksin aman teruji anak
1397,kawan setiakawan borokokok sales vaksin menemukan
1398,tertipu berita hoaks terkait vaksin guys vaksin dipilih pemerintah teruji
1399,pandemi efek samping vaksin dijadikan kambinghitam
1400,alhamdulillah bawa khabar cacar monyet vaksin
1401,vaksin dipilih pemerintah teruji terjamin keamana dukung kemajuan nusantara
1402,wabah akut bukan disebabkan vaksin dukung kemajuan nusantara
1403,hoaks bertebaran seputar vaksin waspadalah dukung kemajuan nusantara
1404,tukul arwana disuntik vaksin nusantara diserang efek
1405,transjakarta keharusa bukan qr pl payah menunjukan sertifikat vaksin ok terima kasih
1406,pemerintah menyediakan vaksin aman dukung kebijakan pemerintah
1407,jogja info vaksin langsung rumah sakit puskesmas
1408,kena vaksin dukung kemajuan nusantara
1409,hoaks seputar vaksin menyesatkan diwaspadai tidak korba
1410,dukung kemajuan nusantara mudah percaya hoaks vaksin cek faktanya
1411,pakar bukan vaksin hati hati kelompok tidak dukung kemajuan nusan
1412,kemenkes selamat pagi memasukan hasil vaksin negeri dimasukan peduli lindungi ngga mahu
1413,rugi pergi vaksin semalam ulas isu haha
1414,situasi semalam perasmian pergi vaksin pergi makan sikit duduk khe
1415,wabah akut bukan efek vaksin
1416,vaksin aman manfaat vaksin dukung kemajuan nusantara
1417,kakanwil kemenkumham sulbar faisol ali petugas rutan mamuju lakukan rapat teknis persiapan vaksin tahap
1418,bogor dinkes jadwal vaksin ketiga anak usia
1419,habis vaksin langsung demam ngilu bangat bekas suntikan
1420,bawa ktp kartu vaksin efek tangan ngilu gabisa tidur miring ketindi
1421,vaksin nder
1422,kakak persyaratan penyebrangan terbaru vaksin menunjukan hasil terimakasih
1423,gmna perasaan emak anak sakit meninggal gegara vaksin belajar tatap muka
1424,bawa ktp kartu vaksin sih gua ngk efek pegel bekas suntikan
1425,vaksin teruji bermanfaat ragu dukung kemajuan nusantara
1426,adik bungsu vaksin divaksin manula disuruh kantor ju
1427,bawa sertif vaksin ktp puasa kemaren pakai pfizer bahu habis disunt
1428,info vaksin kp jogja
1429,mahu gua vaksin
1430,vaksin amp cacar mengakibatkan kematian ratusan ribu tahap penggunaa tahap experimenta
1431,pekerjagigolo suntik jgankan ikhlas mendoakan vaksin penyesala
1432,ngertio gasah vaksin
1433,dokter tifa vaksin mematikan amp mandul lgbt menghentikan keturunan
1434,proyek vaksin nilai ratusan miliar dpr ingatkan proyek vaksin gotong royong rugi
1435,dokter tifa vaksin perintah dajal
1436,dokter tifa vaksin sehat keluarga gua gua percaya vaksin
1437,pergi ngaruh engga vaksin tensiku angka vaksin tensi
1438,takut vaksin vaksinasi aman manfaat dukung kemajuan nusantara
1439,btw vaksin antri
1440,menuggu antrian vaksin boster tgm malino
1441,arthuro didu suruh vaksin serviks abang
1442,anak muda kena kipi seabrek berani mengakui efek vaksin usahanya mencar
1443,simak vaksin bersertifikat bersatu lawan jaga prokes nvaksin
1444,kasun ndeso wuih parno takut ikutan mahu rs takut ketauan vaksin
1445,sejarah wabah spanyol bukan pembunuhan masal vaksin eksperimental otopsi perang du
1446,waspada mudah dipercaya terkait vaksin vaksinasi ok
1447,lindungi anak cvd ragu vaksinasi cvd instruksi presiden
1448,mahu syarat vaksin gaperlu
1449,bner vaksin duwa
1450,ynwa muzaky atao mngkan stres parno efek vaksin bebas
1451,peratus kanak kanak berusia negara lengkap menerima vaksin
1452,senat senut vaksin tidak enak bener tangan dipakai ngetik
1453,vaksin mrna tidak direkomendasikan kehamilan
1454,vaksin mrna menyebabkan anak
1455,achmad zani dokter tifa depopulasi vaksin chemtrail gmo teo
1456,vaksin dok
1457,anggita percaya terkait vaksin transisi pandemi endemi
1458,ambil vaksin rokok nguantuk bangat
1459,vaksin aman sobat transisi pandemi endemi
1460,oni meniq syukron hamdallah tidak kecuali vaksin
1461,negara bebas bikin vaksin cuba diusut muncul bebas bikin
1462,jengking donk vaksin teruji aman transisi pandemi endemi
1463,dito vaksin ketiga abang hm
1464,vaksin kopit bersifat sukarela suka rela silahkan suntik vaksin kopit tanggung sendir
1465,ragu vaksin kawan transisi pandemi endemi
1466,ali bej yuk vaksin transisi pandemi endemi
1467,penyair berdiri uhuy ayo vaksin transisi pandemi endemi
1468,tangan sakit banget habis vaksin bingung gimana tidur
1469,pandemi copid dunia vaksinasi digalakan salah upaya penge
1470,sakina qhi co ayo vaksin transisi pandemi endemi
1471,vaksin terbukti selamat terbukti selamat poket komisyen paizer mama
1472,kemarin vaksin esok kuat padat pagi ampe malam giliran wkp
1473,kakan kemenag padang lawas monitoring pelaksanaan vaksin miningitis jamaah haji
1474,vaksin biar sukses transisi pandemi endemi
1475,hilang kerja vaksin sampah semoga allah gantikan
1476,efek vaksin astrazeneca langsung vaksi malem efek kerasa pergi
1477,dokter tifa ter suap korupsi insentif vaksin aman efektif
1478,mpr aldo dokter tifa btw mencuriga sinovac bukan vaksin klasik inaktif bany
1479,sertif vaksin hp skl ijazah kartu utbk ktp
1480,uny konser grup deh rapopo ning muk vaksin tok
1481,kartu peserta skl ktp sertifikat vaksin hape
1482,btw barusan gua vaksin petugas bngt anjing vaksin gua beda
1483,dakwa vaksin wabak kesan sampingan bekalan terhad
1484,kemenkes pagi vaksin sinovac vaksin
1485,anak ambil rika vaksin indonesia
1486,pekerjagigolo vaksin tubuh tahan cuaca panas dingin mesti garuk
1487,tidur pengen vaksin semoga oleng
1488,mahu besanan kucing jantan persia vaksin bersih birahi umur
1489,disuruh modif vaksin cacar monyet tubuh
1490,ayo vaksin transisi pandemi endemi
1491,anggita ayo vaksin transisi pandemi endemi
1492,info pemerintah menyediakan vaksin pemerintah berkomitmen menyediakan vaksin
1493,murtadha wakawaka iri lepas vaksin seniman jogja diundang lepas komedian istana diundang
1494,penyair berdiri ayo vaksin transisi pandemi endemi
1495,pagi kakak pelanggan transjakarta wajib menunjukan sertifikat vaksin mengaks
1496,mahu vaksin
1497,chintata ayo vaksin transisi pandemi endemi
1498,patut bekas cucuk vaksin bcg cucuk
1499,nder kek vaksin pkm longgar deh hm
1500,chelseafan indonesia chelsea fc bukti vaksin lupa
1501,chelseafan indonesia chelsea fc sertifikat vaksin npwp materai rb kelewat
1502,kasun ndeso ndoro balonku semestabersabd vaksin
1503,sakina qhi co mari vaksin transisi pandemi endemi
1504,vaksin engga peludilinduring bangsat kau panitia vaksin rabener kabeh jem
1505,waspada percaya vaksin dipakao indonesia dijamin aman transisi pandemi endemi
1506,ali bej ayo vaksin transisi pandemi endemi
1507,sakina qhi co percaya vaksin aman transisi pandemi endemi
1508,lawan vaksin transisi pandemi endemi
1509,ali bej ajak putra putri payah bunda vaksin transisi pandemi endemi
1510,waspada vaksin transisi pandemi endemi
1511,penyair berdiri vaksin aman percaya transisi pandemi endemi
1512,pl asked anak vaksin ori cucuk ori alhamdulilla
1513,nyuruh vaksin biar mutan
1514,termakan vaksin aman teruji klinis transisi pandemi endemi
1515,hrs bebas biang kerok muncul kasi bikin vaksin
1516,penyair berdiri vaksin aman teruji klinis transisi pandemi endemi
1517,rumah aj kmn vaksin jaga imun tubuh mencegah lbh
1518,rentan menyerang jenis vaksin dewasa didapatkan
1519,termakan vaksin vaksin aman teruji klinis transisi pandemi endemi
1520,lengan habis vaksin bengkak nyeri
1521,waspada mudah dipercaya terkait vaksin vaksinasi har
1522,tulkiyjem ghazy seabed hitam nuwaw vaksin
1523,vaksin alhmdulilah
1524,pandemi copid dunia vaksinasi digalakan salah upaya
1525,vaksin lengkap pora lik
1526,kota vaksin tidak
1527,dokter tifa masuk bayi lahir langsung dimandulkan pakai vaksin hamil
1528,kota bocil dokter tifa vaksin tidak bermasalah korban kena kipi meningga
1529,vaksin setrika
1530,cek antibodi pasca vaksin hallo puskesmas fm smg ika
1531,takut khawatir kemarin tensi lepas mahu vaksin kaget lumayan
1532,tidak vaksin
1533,ayo vaksin menonton langsung madiun putra bul boys
1534,dokter tifa pemusnahan milliar manusia kaitan vaksin
1535,ayo vaksin tanah papua terbebas belenggu mahu indonesia bebas
1536,ayo vaksin tanah papua terbebas penyebaran ayo dukung otsus papua indonesia
1537,pakai vaksin lupa menerapkan protokol kesehatan
1538,ayo vaksin tanah papua terbebas belenggu ayo dukung otsus papua indonesia hxkfihy
1539,buruan ayo vaksin tanah papua terbebas belenggu ayo dukung otsus papua indonesia
1540,yuk vaksin tanah papua terbebas belenggu ayo dukung otsus papua indonesia
1541,sehat mahal ayo vaksinasi meningkatkan daya tahan tubuh vaksin
1542,ayo vaksin tanah papua terbebas belenggu ayo dukung otsus papua indonesia ndkfibt
1543,vaksin lupa patuhi menerapkan protokol kesehatan memutu
1544,ayo vaksin tanah papua terbebas belenggu lupa patuhi prokes
1545,ayo vaksin tanah papua terbebas belenggu ayo dukung otsus papua indonesia ypouy
1546,ayo vaksin tanah papua terbebas belenggu ayo dukung otsus papua indonesia bxkdiby pergi
1547,ayo ok vaksinasi meningkatkan daya tahan tubuh vaksin lupa
1548,ayo mari vaksin tanah papua terbebas belenggu ayo dukung otsus papua indonesia
1549,ayo vaksin tanah papua terbebas belenggu setuju masyarakat papua deh
1550,mari vaksin tanah papua terbebas belenggu ayo dukung otsus papua indonesia
1551,ayo vaksinasi meningkatkan daya tahan tubuh vaksin
1552,guys ayo vaksinasi meningkatkan daya tahan tubuh vaksi
1553,ayo guys buruan vaksinasi meningkatkan daya tahan tubuh vaksin
1554,ayo vaksin tanah papua terbebas ayo dukung otsus papua indonesia
1555,lupa tuk vaksin tanah papua terbebas belenggu ayo dukung otsus papua indonesia
1556,vaksin lupa menerapkan protokol kesehatan memu
1557,ayo vaksin tanah papua terbebas belenggu ayo dukung otsus
1558,ayo vaksin lupa disiplin menerapkan protokol kesehatan
1559,ayo guys vaksin tanah papua terbebas belenggu ayo dukung otsus papua indonesia
1560,vaksin lupa menerapkan protokol kesehatan memutusk
1561,vaksinasi ayo vaksin tanah papua terbebas belenggu
1562,janban takut vaksinasi ayo vaksinasi meningkatkan daya tahan tubuh
1563,vaksin ayo vaksin tanah papua terbebas belenggu ayo dukung otsus papua indonesia
1564,ayo vaksin cepat hilang ayo dukung otsus papua indonesia
1565,vaksin lupa menerapkan protokol kesehatan ayo dukung otsus
1566,vaksin lupa menerapkan protokol kesehatan memutuskan
1567,yuk vaksin terbebas paparan ayo dukung otsus papua indonesia
1568,ayo vaksinasi meningkatkan daya tahan tubuh ngga
1569,bangat ketahui vaksin lupa menerapkan protokol ok
1570,yuk vaksinasi meningkatkan daya tahan tubuh vaksin lupa untu
1571,ayo ayo masyarakat papua vaksin tanah papua terbebas belenggu ayo dukung otsus
1572,vaksin lupa menerapkan protokol kesehatan memutuskan penyeb
1573,vaksin lupa menerapkan protokol kesehatan memutuskan penyebaran covi
1574,ternang deh guys vaksin lupa menerapkan protokol kesehatan
1575,ayo vaksin tanah papua terbebas belenggu ayo dukung otsus papua indonesia hjncbtrsda
1576,masyarakat vaksin lupa menerapkan protokol kesehatan
